alarm_id,incident_description,network_region,technology_type,severity,outage_duration,device_vendor,resolution_notes,timestamp,service_impact,alarm_type,affected_subscribers,resolution_time_minutes,recurrence_count
ALM-2023-00095,Power supply unit failure in West outdoor macro cell cabinet. Generator backup activated but fuel exhaustion after 31 hours caused site blackout. 12 collocated operators affected. TSSR dispatched for emergency repair.,West,SD-WAN,P3-Medium,117,Juniper,Restarted affected network function instances. Applied configuration correction. Root cause analysis completed and design fix scheduled for next maintenance window.,2023-01-01T01:09:14,Video Streaming,Link Down,62782,243,1
ALM-2024-00352,N2/N3 interface congestion between Central gNBs and AMF cluster. 33 sites showing SCTP association failures. Emergency handover to 4G-LTE fallback activated. Traffic load balancing misconfiguration identified as probable cause.,North,SD-WAN,P2-High,152,Juniper,Implemented emergency traffic offload through carrier WiFi and small cell densification. Activated additional spectrum through dynamic frequency assignment. Permanent capacity upgrade planned.,2023-01-07T01:23:22,"Roaming Services, SMS",Authentication Failure,142424,377,1
ALM-2023-00073,PTP/IEEE-1588 grandmaster clock failure in West synchronization hierarchy. Holdover mode activated on 23 slave clocks. Phase error accumulating at 58 ns/s. 5G NR TDD frame alignment at risk after 363 minutes without reference.,East,SD-WAN,P4-Low,44,Cisco,Implemented emergency traffic offload through carrier WiFi and small cell densification. Activated additional spectrum through dynamic frequency assignment. Permanent capacity upgrade planned.,2023-01-12T09:41:57,"Video Streaming, Enterprise VPN",Sync Loss,6864,109,2
ALM-2025-00404,Massive MIMO antenna tilt misconfiguration on 8 sector sites in West. SINR degraded by 11 dB causing uplink interference. Capacity reduced by 38% during peak hours. Service degradation reported by enterprise customers using mmWave bands.,South,MPLS,P3-Medium,95,Nokia,Executed RF parameter optimization using SON toolset. Adjusted antenna tilt by 10 degrees. Activated neighbor cell load balancing. Service KPIs returned to baseline within 187 minutes.,2023-01-13T13:00:41,"SMS, Video Streaming",Capacity Overload,36516,213,5
ALM-2025-00413,Segment routing MPLS path computation failure in South SR-TE domain. PCE-server connectivity lost due to TLS certificate expiry. 10 critical traffic classes losing QoS guarantees. Enterprise SLA breached.,North,4G-LTE,P1-Critical,49,Cisco,Replaced failed hardware component. Ran comprehensive diagnostic tests post-replacement. Updated preventive maintenance schedule and raised spare parts inventory threshold.,2023-01-14T16:59:23,"IoT Connectivity, VoLTE",Power Failure,35745,64,5
ALM-2023-00038,23 gNB nodes in Central region reporting X2 interface failures after firmware upgrade to 22.Q2. UE attach success rate dropped from 98% to 79%. Engineers observed increased RRC connection rejections. Root cause identified as misconfigured AMF pool configuration post-upgrade.,Central,4G-LTE,P2-High,79,Nokia,Re-established PTP synchronization chain using backup grandmaster. Deployed additional GNSS antennas for redundancy. Updated synchronization monitoring dashboards.,2023-01-14T23:00:03,"SMS, Enterprise VPN",Transport Failure,7828,210,1
ALM-2024-00399,Core network signaling storm from 31 IoT devices in North entering simultaneous TAU cycles. MME/AMF overloaded causing 71% attach rejection rate. Emergency rate limiting applied to prevent total core collapse.,South,4G-LTE,P3-Medium,93,Nokia,Re-established PTP synchronization chain using backup grandmaster. Deployed additional GNSS antennas for redundancy. Updated synchronization monitoring dashboards.,2023-01-17T08:37:35,"SMS, Data Sessions, VoLTE",Transport Failure,81491,158,8
ALM-2024-00356,Uplink PRB utilization exceeding 90% on 31 cells in East during peak traffic. Scheduler fairness degraded for edge UEs. Average throughput dropped 42%. Emergency capacity expansion through spectrum refarming initiated.,South,MPLS,P1-Critical,157,Ericsson,Executed RF parameter optimization using SON toolset. Adjusted antenna tilt by 11 degrees. Activated neighbor cell load balancing. Service KPIs returned to baseline within 136 minutes.,2023-01-18T07:26:09,"Data Sessions, VoLTE, Voice Calls",Link Down,31009,467,3
ALM-2023-00182,Fiber cut on backbone ring between North hub and metro aggregation node. APS (Automatic Protection Switching) triggered but secondary path showing 459ms additional latency. 31 enterprise circuits and 111918 mobile subscribers affected on dependent transport.,North,4G-LTE,P3-Medium,79,Ericsson,Executed RF parameter optimization using SON toolset. Adjusted antenna tilt by 5 degrees. Activated neighbor cell load balancing. Service KPIs returned to baseline within 42 minutes.,2023-01-19T11:36:23,"Video Streaming, Enterprise VPN",Software Bug,93077,129,5
ALM-2023-00034,N2/N3 interface congestion between Central gNBs and AMF cluster. 31 sites showing SCTP association failures. Emergency handover to 4G-LTE fallback activated. Traffic load balancing misconfiguration identified as probable cause.,North,SD-WAN,P2-High,175,Ericsson,Re-established PTP synchronization chain using backup grandmaster. Deployed additional GNSS antennas for redundancy. Updated synchronization monitoring dashboards.,2023-01-24T10:06:38,"Voice Calls, Video Streaming, Data Sessions",Capacity Overload,144077,276,7
ALM-2023-00031,PTP/IEEE-1588 grandmaster clock failure in West synchronization hierarchy. Holdover mode activated on 31 slave clocks. Phase error accumulating at 44 ns/s. 5G NR TDD frame alignment at risk after 31 minutes without reference.,West,4G-LTE,P4-Low,20,Juniper,Rolled back firmware to previous stable version 23.Q4. Reconfigured AMF pool settings per vendor guidelines. Performed progressive site-by-site upgrade with validation checkpoints. Full service restored.,2023-01-24T15:12:39,"Emergency Services, SMS",Transport Failure,21138,31,8
ALM-2023-00147,Fiber cut on backbone ring between West hub and metro aggregation node. APS (Automatic Protection Switching) triggered but secondary path showing 400ms additional latency. 3 enterprise circuits and 98786 mobile subscribers affected on dependent transport.,South,3G-UMTS,P1-Critical,158,Huawei,Replaced failed hardware component. Ran comprehensive diagnostic tests post-replacement. Updated preventive maintenance schedule and raised spare parts inventory threshold.,2023-01-24T16:23:08,"Voice Calls, Roaming Services, VoLTE",Software Bug,16622,438,1
ALM-2024-00326,Massive MIMO antenna tilt misconfiguration on 11 sector sites in South. SINR degraded by 2 dB causing uplink interference. Capacity reduced by 40% during peak hours. Service degradation reported by enterprise customers using mmWave bands.,South,SD-WAN,P2-High,19,Ericsson,Restored fiber cut using emergency splice. Reconfigured DWDM parameters. Implemented enhanced physical layer monitoring with OTDR alerts. SLA credit issued to affected customers.,2023-01-27T04:29:33,"Roaming Services, Video Streaming, SMS",Capacity Overload,100388,56,2
ALM-2025-00452,Submarine cable EDFA failure causing signal degradation on Central international link. Capacity reduced from 143Gbps to 43Gbps. Traffic rerouted via alternate cable system with 472ms additional round-trip delay.,Central,SD-WAN,P1-Critical,221,Nokia,Implemented emergency traffic offload through carrier WiFi and small cell densification. Activated additional spectrum through dynamic frequency assignment. Permanent capacity upgrade planned.,2023-01-28T05:33:51,"Data Sessions, Video Streaming",Config Error,11576,267,6
ALM-2023-00042,Massive MIMO antenna tilt misconfiguration on 2 sector sites in Central. SINR degraded by 8 dB causing uplink interference. Capacity reduced by 34% during peak hours. Service degradation reported by enterprise customers using mmWave bands.,Central,4G-LTE,P4-Low,58,Nokia,Applied emergency hotfix patch HF-9340 from vendor. Restarted UPF/SMF network functions. Verified PDU session establishment in staging environment before production rollout.,2023-01-28T18:17:57,"VoLTE, IoT Connectivity, Roaming Services",Authentication Failure,2508,108,0
ALM-2024-00386,N2/N3 interface congestion between North gNBs and AMF cluster. 7 sites showing SCTP association failures. Emergency handover to 4G-LTE fallback activated. Traffic load balancing misconfiguration identified as probable cause.,Central,5G-NR,P2-High,179,Huawei,Restarted affected network function instances. Applied configuration correction. Root cause analysis completed and design fix scheduled for next maintenance window.,2023-02-01T10:25:33,"SMS, Video Streaming",Sync Loss,24467,365,8
ALM-2024-00295,N2/N3 interface congestion between West gNBs and AMF cluster. 18 sites showing SCTP association failures. Emergency handover to 4G-LTE fallback activated. Traffic load balancing misconfiguration identified as probable cause.,South,MPLS,P1-Critical,28,Juniper,Replaced failed hardware component. Ran comprehensive diagnostic tests post-replacement. Updated preventive maintenance schedule and raised spare parts inventory threshold.,2023-02-02T08:00:50,IoT Connectivity,Software Bug,85033,81,0
ALM-2025-00443,ISIS adjacency loss between West P-routers after planned IOS-XR upgrade. SPF recalculation loop detected causing micro-burst packet loss. ECMP paths became unequal triggering traffic imbalance across 8 interfaces.,West,Fiber,P2-High,72,Juniper,Re-established PTP synchronization chain using backup grandmaster. Deployed additional GNSS antennas for redundancy. Updated synchronization monitoring dashboards.,2023-02-04T09:21:07,"Enterprise VPN, VoLTE",Power Failure,58437,150,0
ALM-2023-00039,Power supply unit failure in East outdoor macro cell cabinet. Generator backup activated but fuel exhaustion after 352 hours caused site blackout. 48 collocated operators affected. TSSR dispatched for emergency repair.,Central,Fiber,P2-High,169,Juniper,Replaced failed hardware component. Ran comprehensive diagnostic tests post-replacement. Updated preventive maintenance schedule and raised spare parts inventory threshold.,2023-02-04T11:53:29,"SMS, Video Streaming",Power Failure,132830,277,1
ALM-2024-00379,Battery backup degradation on 23 North BTS sites. Float charge voltage below threshold causing premature cutoff during grid outage. Preventive maintenance schedule requires immediate overhaul of UPS systems.,West,MPLS,P3-Medium,107,Ericsson,Applied emergency hotfix patch HF-1637 from vendor. Restarted UPF/SMF network functions. Verified PDU session establishment in staging environment before production rollout.,2023-02-05T18:06:55,"Video Streaming, VoLTE",Interference,25989,218,5
ALM-2024-00348,LTE PDCP integrity protection mismatch on Nokia eNodeBs after security patch. UE contexts being dropped at RRC reconfiguration phase. 12 cells impacted in West. Hotfix deployment required to restore normal operations.,West,MPLS,P1-Critical,225,Nokia,Re-established PTP synchronization chain using backup grandmaster. Deployed additional GNSS antennas for redundancy. Updated synchronization monitoring dashboards.,2023-02-07T21:11:50,"Voice Calls, Roaming Services, Enterprise VPN",Transport Failure,22776,405,0
ALM-2024-00294,CSFB (Circuit Switched Fallback) failure rate spike in Central — 69% failure observed. MSC-S unreachable from 10 eNodeBs due to SS7 link congestion. Voice call setup failure affected 1483 subscribers during peak hours.,Central,3G-UMTS,P1-Critical,190,Nokia,Restored BGP route advertisements on backhaul routers. Reset SCTP associations to AMF. Implemented route dampening to prevent future flapping. Added monitoring alerts for BGP state changes.,2023-02-08T14:17:34,IoT Connectivity,Config Error,15700,407,2
ALM-2023-00001,Fiber cut on backbone ring between North hub and metro aggregation node. APS (Automatic Protection Switching) triggered but secondary path showing 314ms additional latency. 14 enterprise circuits and 93899 mobile subscribers affected on dependent transport.,Central,3G-UMTS,P2-High,158,Ericsson,Executed rollback of misconfigured ACL policies via out-of-band management. Implemented pre-deployment validation checks in CI/CD pipeline. Change freeze applied.,2023-02-11T15:13:27,"SMS, Data Sessions",Config Error,134512,228,6
ALM-2024-00206,Line card failure on Nokia core router in South data center. Module 9/3 ejected due to ASIC thermal runaway at 106°C. Traffic failover to redundant linecard triggered 211ms packet loss event.,North,3G-UMTS,P2-High,16,Cisco,Restored fiber cut using emergency splice. Reconfigured DWDM parameters. Implemented enhanced physical layer monitoring with OTDR alerts. SLA credit issued to affected customers.,2023-02-17T07:42:40,"Voice Calls, Roaming Services",Link Down,103527,42,1
ALM-2023-00141,Segment routing MPLS path computation failure in South SR-TE domain. PCE-server connectivity lost due to TLS certificate expiry. 29 critical traffic classes losing QoS guarantees. Enterprise SLA breached.,West,4G-LTE,P2-High,157,Ericsson,Executed RF parameter optimization using SON toolset. Adjusted antenna tilt by 6 degrees. Activated neighbor cell load balancing. Service KPIs returned to baseline within 448 minutes.,2023-02-19T19:11:54,"SMS, VoLTE",Link Down,76374,161,1
ALM-2023-00194,Fiber cut on backbone ring between Central hub and metro aggregation node. APS (Automatic Protection Switching) triggered but secondary path showing 118ms additional latency. 5 enterprise circuits and 67535 mobile subscribers affected on dependent transport.,East,SD-WAN,P2-High,156,Juniper,Executed rollback of misconfigured ACL policies via out-of-band management. Implemented pre-deployment validation checks in CI/CD pipeline. Change freeze applied.,2023-02-20T05:49:17,"Emergency Services, Voice Calls",Config Error,109958,354,8
ALM-2023-00181,Fiber cut on backbone ring between West hub and metro aggregation node. APS (Automatic Protection Switching) triggered but secondary path showing 195ms additional latency. 37 enterprise circuits and 71856 mobile subscribers affected on dependent transport.,South,3G-UMTS,P3-Medium,113,Huawei,Rolled back firmware to previous stable version 23.Q1. Reconfigured AMF pool settings per vendor guidelines. Performed progressive site-by-site upgrade with validation checkpoints. Full service restored.,2023-02-24T19:37:17,"Data Sessions, Emergency Services, SMS",Capacity Overload,88068,139,2
ALM-2023-00089,BGP route policy misconfiguration in Central caused 3K prefixes to be inadvertently withdrawn. Internet traffic blackholed for 401 minutes. Customer escalations: 26145 broadband users reported total connectivity loss.,South,MPLS,P3-Medium,106,Huawei,Executed RF parameter optimization using SON toolset. Adjusted antenna tilt by 3 degrees. Activated neighbor cell load balancing. Service KPIs returned to baseline within 121 minutes.,2023-03-02T07:00:57,"IoT Connectivity, Enterprise VPN, Voice Calls",Software Bug,68327,318,5
ALM-2024-00261,CU-DU functional split failure on 18 distributed 5G nodes in West. F1 interface went down due to transport network IP route withdrawal. Mid-haul link between CU and DU lost for 90 minutes causing complete service disruption.,East,SD-WAN,P4-Low,58,Ericsson,Restored BGP route advertisements on backhaul routers. Reset SCTP associations to AMF. Implemented route dampening to prevent future flapping. Added monitoring alerts for BGP state changes.,2023-03-02T21:30:46,"Voice Calls, Data Sessions",Link Down,12301,119,5
ALM-2023-00080,Battery backup degradation on 6 North BTS sites. Float charge voltage below threshold causing premature cutoff during grid outage. Preventive maintenance schedule requires immediate overhaul of UPS systems.,South,Fiber,P1-Critical,168,Juniper,Replaced failed hardware component. Ran comprehensive diagnostic tests post-replacement. Updated preventive maintenance schedule and raised spare parts inventory threshold.,2023-03-08T17:34:14,Roaming Services,Authentication Failure,147240,195,8
ALM-2023-00145,CSFB (Circuit Switched Fallback) failure rate spike in East — 73% failure observed. MSC-S unreachable from 35 eNodeBs due to SS7 link congestion. Voice call setup failure affected 125366 subscribers during peak hours.,East,3G-UMTS,P2-High,157,Cisco,Restored BGP route advertisements on backhaul routers. Reset SCTP associations to AMF. Implemented route dampening to prevent future flapping. Added monitoring alerts for BGP state changes.,2023-03-10T22:04:02,"IoT Connectivity, Enterprise VPN, Emergency Services",Authentication Failure,69871,396,1
ALM-2023-00086,Incorrect ACL configuration pushed to 25 Juniper routers in West via automated provisioning. Management plane traffic blocked causing loss of visibility to 25 network elements. Emergency rollback executed via out-of-band console access.,Central,3G-UMTS,P2-High,41,Juniper,Restarted affected network function instances. Applied configuration correction. Root cause analysis completed and design fix scheduled for next maintenance window.,2023-03-12T12:45:10,"Voice Calls, IoT Connectivity, Data Sessions",Hardware Failure,138036,96,1
ALM-2024-00324,X2 handover failures between North eNodeBs and neighboring cluster. Inter-eNB handover success rate dropped to 83%. Ping-pong handover storms observed. SON algorithm override required to stabilize mobility parameters.,West,4G-LTE,P3-Medium,58,Huawei,Re-established PTP synchronization chain using backup grandmaster. Deployed additional GNSS antennas for redundancy. Updated synchronization monitoring dashboards.,2023-03-14T23:08:14,IoT Connectivity,Link Down,75148,148,4
ALM-2023-00069,CU-DU functional split failure on 11 distributed 5G nodes in East. F1 interface went down due to transport network IP route withdrawal. Mid-haul link between CU and DU lost for 58 minutes causing complete service disruption.,Central,5G-NR,P3-Medium,62,Cisco,Restored BGP route advertisements on backhaul routers. Reset SCTP associations to AMF. Implemented route dampening to prevent future flapping. Added monitoring alerts for BGP state changes.,2023-03-18T11:30:05,"IoT Connectivity, Enterprise VPN",Hardware Failure,44640,67,4
ALM-2023-00032,MPLS LDP session flap on core router in West causing traffic blackhole for 456 minutes. 10 L3VPN tunnels re-converging after IGP topology change. BGP prefix withdrawal storm affected enterprise customers during reconvergence.,South,3G-UMTS,P4-Low,10,Juniper,Rolled back firmware to previous stable version 21.Q1. Reconfigured AMF pool settings per vendor guidelines. Performed progressive site-by-site upgrade with validation checkpoints. Full service restored.,2023-03-23T10:07:15,Data Sessions,Power Failure,1890,22,5
ALM-2023-00149,Incorrect ACL configuration pushed to 33 Juniper routers in Central via automated provisioning. Management plane traffic blocked causing loss of visibility to 33 network elements. Emergency rollback executed via out-of-band console access.,South,3G-UMTS,P4-Low,49,Ericsson,Rolled back firmware to previous stable version 23.Q1. Reconfigured AMF pool settings per vendor guidelines. Performed progressive site-by-site upgrade with validation checkpoints. Full service restored.,2023-03-24T03:18:38,"Data Sessions, Video Streaming, Voice Calls",Interference,4019,49,4
ALM-2025-00497,MPLS LDP session flap on core router in Central causing traffic blackhole for 162 minutes. 38 L3VPN tunnels re-converging after IGP topology change. BGP prefix withdrawal storm affected enterprise customers during reconvergence.,East,5G-NR,P1-Critical,182,Cisco,Executed rollback of misconfigured ACL policies via out-of-band management. Implemented pre-deployment validation checks in CI/CD pipeline. Change freeze applied.,2023-03-25T10:11:05,"Voice Calls, SMS, Video Streaming",Software Bug,47985,285,4
ALM-2024-00306,CU-DU functional split failure on 8 distributed 5G nodes in Central. F1 interface went down due to transport network IP route withdrawal. Mid-haul link between CU and DU lost for 231 minutes causing complete service disruption.,East,Fiber,P4-Low,50,Nokia,Restored fiber cut using emergency splice. Reconfigured DWDM parameters. Implemented enhanced physical layer monitoring with OTDR alerts. SLA credit issued to affected customers.,2023-03-28T16:28:12,"Data Sessions, Enterprise VPN",Software Bug,4948,121,5
ALM-2023-00139,X2 handover failures between North eNodeBs and neighboring cluster. Inter-eNB handover success rate dropped to 46%. Ping-pong handover storms observed. SON algorithm override required to stabilize mobility parameters.,North,MPLS,P4-Low,55,Huawei,Restored fiber cut using emergency splice. Reconfigured DWDM parameters. Implemented enhanced physical layer monitoring with OTDR alerts. SLA credit issued to affected customers.,2023-03-31T01:12:29,VoLTE,Link Down,7025,55,4
ALM-2024-00342,BGP route policy misconfiguration in Central caused 45K prefixes to be inadvertently withdrawn. Internet traffic blackholed for 379 minutes. Customer escalations: 19211 broadband users reported total connectivity loss.,East,5G-NR,P1-Critical,113,Juniper,Implemented emergency traffic offload through carrier WiFi and small cell densification. Activated additional spectrum through dynamic frequency assignment. Permanent capacity upgrade planned.,2023-04-03T23:12:38,Emergency Services,Config Error,54074,127,7
ALM-2024-00301,Core network signaling storm from 15 IoT devices in West entering simultaneous TAU cycles. MME/AMF overloaded causing 75% attach rejection rate. Emergency rate limiting applied to prevent total core collapse.,Central,MPLS,P3-Medium,38,Huawei,Executed RF parameter optimization using SON toolset. Adjusted antenna tilt by 9 degrees. Activated neighbor cell load balancing. Service KPIs returned to baseline within 349 minutes.,2023-04-08T11:49:38,Roaming Services,Hardware Failure,84953,66,8
ALM-2024-00285,LTE carrier aggregation malfunction on Band 3 + Band 7 in West. PDCP layer buffer overflow caused by DRB misconfiguration after software patch HF-6588. 136432 high-value subscribers affected. ARPU impact estimated at $878K.,East,SD-WAN,P4-Low,43,Huawei,Restarted affected network function instances. Applied configuration correction. Root cause analysis completed and design fix scheduled for next maintenance window.,2023-04-08T15:35:40,"VoLTE, Enterprise VPN, Voice Calls",Authentication Failure,27086,63,6
ALM-2023-00100,Incorrect ACL configuration pushed to 22 Huawei routers in East via automated provisioning. Management plane traffic blocked causing loss of visibility to 22 network elements. Emergency rollback executed via out-of-band console access.,West,MPLS,P4-Low,20,Nokia,Rolled back firmware to previous stable version 22.Q1. Reconfigured AMF pool settings per vendor guidelines. Performed progressive site-by-site upgrade with validation checkpoints. Full service restored.,2023-04-08T16:23:31,"Voice Calls, Video Streaming, VoLTE",Config Error,24010,53,5
ALM-2025-00427,X2 handover failures between East eNodeBs and neighboring cluster. Inter-eNB handover success rate dropped to 60%. Ping-pong handover storms observed. SON algorithm override required to stabilize mobility parameters.,South,5G-NR,P2-High,58,Juniper,Rolled back firmware to previous stable version 21.Q1. Reconfigured AMF pool settings per vendor guidelines. Performed progressive site-by-site upgrade with validation checkpoints. Full service restored.,2023-04-08T23:22:53,"Video Streaming, SMS, Voice Calls",Capacity Overload,108013,153,4
ALM-2023-00136,Power supply unit failure in North outdoor macro cell cabinet. Generator backup activated but fuel exhaustion after 300 hours caused site blackout. 43 collocated operators affected. TSSR dispatched for emergency repair.,North,Fiber,P4-Low,8,Ericsson,Executed rollback of misconfigured ACL policies via out-of-band management. Implemented pre-deployment validation checks in CI/CD pipeline. Change freeze applied.,2023-04-09T09:05:20,IoT Connectivity,Link Down,24983,18,2
ALM-2024-00271,Fiber cut on backbone ring between Central hub and metro aggregation node. APS (Automatic Protection Switching) triggered but secondary path showing 421ms additional latency. 50 enterprise circuits and 114715 mobile subscribers affected on dependent transport.,East,5G-NR,P3-Medium,16,Cisco,Executed rollback of misconfigured ACL policies via out-of-band management. Implemented pre-deployment validation checks in CI/CD pipeline. Change freeze applied.,2023-04-10T17:00:56,VoLTE,Transport Failure,82512,31,5
ALM-2025-00414,Segment routing MPLS path computation failure in East SR-TE domain. PCE-server connectivity lost due to TLS certificate expiry. 37 critical traffic classes losing QoS guarantees. Enterprise SLA breached.,Central,Fiber,P1-Critical,144,Ericsson,Rolled back firmware to previous stable version 19.Q1. Reconfigured AMF pool settings per vendor guidelines. Performed progressive site-by-site upgrade with validation checkpoints. Full service restored.,2023-04-12T15:37:36,"SMS, VoLTE, Video Streaming",Transport Failure,12499,332,3
ALM-2025-00464,Uplink PRB utilization exceeding 90% on 19 cells in North during peak traffic. Scheduler fairness degraded for edge UEs. Average throughput dropped 48%. Emergency capacity expansion through spectrum refarming initiated.,South,4G-LTE,P3-Medium,56,Cisco,Re-established PTP synchronization chain using backup grandmaster. Deployed additional GNSS antennas for redundancy. Updated synchronization monitoring dashboards.,2023-04-15T10:55:36,"IoT Connectivity, Voice Calls",Transport Failure,94709,73,2
ALM-2024-00302,PTP/IEEE-1588 grandmaster clock failure in East synchronization hierarchy. Holdover mode activated on 21 slave clocks. Phase error accumulating at 61 ns/s. 5G NR TDD frame alignment at risk after 100 minutes without reference.,East,Fiber,P2-High,33,Nokia,Executed rollback of misconfigured ACL policies via out-of-band management. Implemented pre-deployment validation checks in CI/CD pipeline. Change freeze applied.,2023-04-22T11:41:10,Video Streaming,Authentication Failure,69473,89,7
ALM-2024-00290,Segment routing MPLS path computation failure in Central SR-TE domain. PCE-server connectivity lost due to TLS certificate expiry. 33 critical traffic classes losing QoS guarantees. Enterprise SLA breached.,East,Fiber,P2-High,132,Ericsson,Restored fiber cut using emergency splice. Reconfigured DWDM parameters. Implemented enhanced physical layer monitoring with OTDR alerts. SLA credit issued to affected customers.,2023-04-25T11:31:03,"Data Sessions, Roaming Services",Transport Failure,86455,201,4
ALM-2024-00355,5G NR SA core network experiencing PDU session establishment failures in Central. UPF processing latency spiked to 325ms. Affected 22301 IoT devices unable to connect. SMF logs show session binding errors correlated with UPF software defect #SW-33071.,East,5G-NR,P4-Low,53,Nokia,Implemented emergency traffic offload through carrier WiFi and small cell densification. Activated additional spectrum through dynamic frequency assignment. Permanent capacity upgrade planned.,2023-04-25T15:24:31,Video Streaming,Software Bug,23962,137,3
ALM-2025-00402,CSFB (Circuit Switched Fallback) failure rate spike in Central — 71% failure observed. MSC-S unreachable from 17 eNodeBs due to SS7 link congestion. Voice call setup failure affected 124072 subscribers during peak hours.,West,Fiber,P1-Critical,203,Juniper,Re-established PTP synchronization chain using backup grandmaster. Deployed additional GNSS antennas for redundancy. Updated synchronization monitoring dashboards.,2023-04-26T19:46:01,"SMS, Roaming Services, Enterprise VPN",Power Failure,102588,609,6
ALM-2023-00188,Multiple eNodeBs in North showing S1 interface failure after planned maintenance window. MME connection dropped across 13 sites. Cause: BGP route advertisement error on backhaul routers. Subscribers experiencing call drops and data session timeouts in the affected area.,Central,4G-LTE,P3-Medium,75,Ericsson,Replaced failed hardware component. Ran comprehensive diagnostic tests post-replacement. Updated preventive maintenance schedule and raised spare parts inventory threshold.,2023-04-29T03:12:27,Video Streaming,Software Bug,34816,132,8
ALM-2023-00119,GNSS antenna failure on North primary timing reference. Backup BITS/SSU clock source activated. Stratum level degraded from 1 to 3. 12 dependent 5G sites at risk of air interface synchronization failure.,North,Fiber,P4-Low,57,Huawei,Applied emergency hotfix patch HF-8918 from vendor. Restarted UPF/SMF network functions. Verified PDU session establishment in staging environment before production rollout.,2023-04-29T23:01:02,"Enterprise VPN, Voice Calls",Transport Failure,17101,95,5
ALM-2023-00074,Core network signaling storm from 30 IoT devices in West entering simultaneous TAU cycles. MME/AMF overloaded causing 46% attach rejection rate. Emergency rate limiting applied to prevent total core collapse.,West,3G-UMTS,P2-High,150,Huawei,Restored BGP route advertisements on backhaul routers. Reset SCTP associations to AMF. Implemented route dampening to prevent future flapping. Added monitoring alerts for BGP state changes.,2023-05-03T23:03:23,"Emergency Services, Roaming Services",Config Error,73807,268,0
ALM-2024-00318,Submarine cable EDFA failure causing signal degradation on North international link. Capacity reduced from 375Gbps to 29Gbps. Traffic rerouted via alternate cable system with 417ms additional round-trip delay.,North,Fiber,P1-Critical,240,Cisco,Applied emergency hotfix patch HF-9558 from vendor. Restarted UPF/SMF network functions. Verified PDU session establishment in staging environment before production rollout.,2023-05-05T05:50:20,IoT Connectivity,Power Failure,51429,473,5
ALM-2025-00493,Battery backup degradation on 49 North BTS sites. Float charge voltage below threshold causing premature cutoff during grid outage. Preventive maintenance schedule requires immediate overhaul of UPS systems.,West,Fiber,P2-High,22,Juniper,Executed RF parameter optimization using SON toolset. Adjusted antenna tilt by 10 degrees. Activated neighbor cell load balancing. Service KPIs returned to baseline within 476 minutes.,2023-05-06T16:37:32,"SMS, Voice Calls",Power Failure,82090,55,2
ALM-2023-00096,GNSS antenna failure on North primary timing reference. Backup BITS/SSU clock source activated. Stratum level degraded from 1 to 3. 25 dependent 5G sites at risk of air interface synchronization failure.,South,MPLS,P2-High,43,Huawei,Re-established PTP synchronization chain using backup grandmaster. Deployed additional GNSS antennas for redundancy. Updated synchronization monitoring dashboards.,2023-05-11T00:29:19,"Enterprise VPN, Emergency Services",Interference,104086,126,3
ALM-2023-00053,DWDM wavelength drift detected on East fiber span kilometer 105. OSNR degraded below threshold causing FEC errors to spike. Amplifier gain tilt compensation adjusted but optical power margin remains critically low.,Central,5G-NR,P4-Low,45,Cisco,Executed RF parameter optimization using SON toolset. Adjusted antenna tilt by 11 degrees. Activated neighbor cell load balancing. Service KPIs returned to baseline within 446 minutes.,2023-05-11T01:21:22,Enterprise VPN,Interference,33438,82,4
ALM-2023-00187,Power supply unit failure in West outdoor macro cell cabinet. Generator backup activated but fuel exhaustion after 123 hours caused site blackout. 40 collocated operators affected. TSSR dispatched for emergency repair.,East,Fiber,P1-Critical,146,Juniper,Implemented emergency traffic offload through carrier WiFi and small cell densification. Activated additional spectrum through dynamic frequency assignment. Permanent capacity upgrade planned.,2023-05-12T00:27:47,IoT Connectivity,Authentication Failure,19187,265,0
ALM-2023-00158,LTE PDCP integrity protection mismatch on Nokia eNodeBs after security patch. UE contexts being dropped at RRC reconfiguration phase. 39 cells impacted in North. Hotfix deployment required to restore normal operations.,North,MPLS,P3-Medium,78,Huawei,Applied emergency hotfix patch HF-8214 from vendor. Restarted UPF/SMF network functions. Verified PDU session establishment in staging environment before production rollout.,2023-05-12T03:14:28,"Emergency Services, SMS, Video Streaming",Sync Loss,99352,207,7
ALM-2024-00394,Uplink PRB utilization exceeding 90% on 15 cells in East during peak traffic. Scheduler fairness degraded for edge UEs. Average throughput dropped 49%. Emergency capacity expansion through spectrum refarming initiated.,South,3G-UMTS,P1-Critical,112,Ericsson,Restored fiber cut using emergency splice. Reconfigured DWDM parameters. Implemented enhanced physical layer monitoring with OTDR alerts. SLA credit issued to affected customers.,2023-05-12T23:27:44,"IoT Connectivity, SMS, Voice Calls",Software Bug,57174,272,0
ALM-2023-00009,Incorrect ACL configuration pushed to 20 Ericsson routers in East via automated provisioning. Management plane traffic blocked causing loss of visibility to 20 network elements. Emergency rollback executed via out-of-band console access.,East,Fiber,P1-Critical,106,Cisco,Restored fiber cut using emergency splice. Reconfigured DWDM parameters. Implemented enhanced physical layer monitoring with OTDR alerts. SLA credit issued to affected customers.,2023-05-13T11:40:20,Roaming Services,Hardware Failure,64799,142,2
ALM-2024-00389,Core network signaling storm from 12 IoT devices in East entering simultaneous TAU cycles. MME/AMF overloaded causing 48% attach rejection rate. Emergency rate limiting applied to prevent total core collapse.,South,4G-LTE,P2-High,78,Nokia,Executed rollback of misconfigured ACL policies via out-of-band management. Implemented pre-deployment validation checks in CI/CD pipeline. Change freeze applied.,2023-05-20T08:48:43,Roaming Services,Hardware Failure,54386,158,0
ALM-2024-00309,BGP route policy misconfiguration in South caused 49K prefixes to be inadvertently withdrawn. Internet traffic blackholed for 400 minutes. Customer escalations: 120802 broadband users reported total connectivity loss.,East,3G-UMTS,P4-Low,46,Cisco,Restored BGP route advertisements on backhaul routers. Reset SCTP associations to AMF. Implemented route dampening to prevent future flapping. Added monitoring alerts for BGP state changes.,2023-05-20T19:32:38,VoLTE,Software Bug,7853,128,8
ALM-2023-00002,Power supply unit failure in East outdoor macro cell cabinet. Generator backup activated but fuel exhaustion after 25 hours caused site blackout. 16 collocated operators affected. TSSR dispatched for emergency repair.,West,MPLS,P3-Medium,98,Ericsson,Restarted affected network function instances. Applied configuration correction. Root cause analysis completed and design fix scheduled for next maintenance window.,2023-05-21T04:24:50,Enterprise VPN,Sync Loss,85459,192,4
ALM-2023-00140,Battery backup degradation on 31 East BTS sites. Float charge voltage below threshold causing premature cutoff during grid outage. Preventive maintenance schedule requires immediate overhaul of UPS systems.,North,SD-WAN,P2-High,25,Nokia,Executed RF parameter optimization using SON toolset. Adjusted antenna tilt by 8 degrees. Activated neighbor cell load balancing. Service KPIs returned to baseline within 228 minutes.,2023-05-21T10:27:06,"SMS, Voice Calls",Software Bug,31608,26,4
ALM-2023-00079,4 gNB nodes in East region reporting X2 interface failures after firmware upgrade to 20.Q2. UE attach success rate dropped from 98% to 65%. Engineers observed increased RRC connection rejections. Root cause identified as misconfigured AMF pool configuration post-upgrade.,North,SD-WAN,P4-Low,15,Huawei,Replaced failed hardware component. Ran comprehensive diagnostic tests post-replacement. Updated preventive maintenance schedule and raised spare parts inventory threshold.,2023-05-23T15:57:07,"Video Streaming, Data Sessions",Power Failure,39541,26,0
ALM-2023-00026,CU-DU functional split failure on 30 distributed 5G nodes in Central. F1 interface went down due to transport network IP route withdrawal. Mid-haul link between CU and DU lost for 24 minutes causing complete service disruption.,West,5G-NR,P2-High,20,Nokia,Executed rollback of misconfigured ACL policies via out-of-band management. Implemented pre-deployment validation checks in CI/CD pipeline. Change freeze applied.,2023-05-23T16:43:40,Data Sessions,Config Error,27115,52,6
ALM-2025-00475,PTP/IEEE-1588 grandmaster clock failure in Central synchronization hierarchy. Holdover mode activated on 40 slave clocks. Phase error accumulating at 85 ns/s. 5G NR TDD frame alignment at risk after 191 minutes without reference.,East,4G-LTE,P4-Low,21,Cisco,Restored BGP route advertisements on backhaul routers. Reset SCTP associations to AMF. Implemented route dampening to prevent future flapping. Added monitoring alerts for BGP state changes.,2023-05-29T15:50:41,Roaming Services,Transport Failure,16719,45,6
ALM-2023-00027,Incorrect ACL configuration pushed to 45 Nokia routers in North via automated provisioning. Management plane traffic blocked causing loss of visibility to 45 network elements. Emergency rollback executed via out-of-band console access.,South,SD-WAN,P1-Critical,154,Huawei,Restored BGP route advertisements on backhaul routers. Reset SCTP associations to AMF. Implemented route dampening to prevent future flapping. Added monitoring alerts for BGP state changes.,2023-06-02T04:19:24,"Enterprise VPN, Roaming Services, Voice Calls",Link Down,118887,371,1
ALM-2023-00110,Fiber cut on backbone ring between South hub and metro aggregation node. APS (Automatic Protection Switching) triggered but secondary path showing 333ms additional latency. 8 enterprise circuits and 53862 mobile subscribers affected on dependent transport.,East,SD-WAN,P3-Medium,36,Ericsson,Applied emergency hotfix patch HF-1040 from vendor. Restarted UPF/SMF network functions. Verified PDU session establishment in staging environment before production rollout.,2023-06-02T05:59:26,"Video Streaming, Voice Calls",Capacity Overload,37218,48,3
ALM-2024-00335,Submarine cable EDFA failure causing signal degradation on North international link. Capacity reduced from 167Gbps to 55Gbps. Traffic rerouted via alternate cable system with 321ms additional round-trip delay.,East,SD-WAN,P1-Critical,100,Huawei,Executed RF parameter optimization using SON toolset. Adjusted antenna tilt by 13 degrees. Activated neighbor cell load balancing. Service KPIs returned to baseline within 364 minutes.,2023-06-03T14:42:45,Emergency Services,Config Error,170655,192,5
ALM-2023-00019,DWDM wavelength drift detected on South fiber span kilometer 302. OSNR degraded below threshold causing FEC errors to spike. Amplifier gain tilt compensation adjusted but optical power margin remains critically low.,East,MPLS,P4-Low,21,Juniper,Restored BGP route advertisements on backhaul routers. Reset SCTP associations to AMF. Implemented route dampening to prevent future flapping. Added monitoring alerts for BGP state changes.,2023-06-05T00:49:26,"Roaming Services, Video Streaming",Interference,26368,35,8
ALM-2025-00437,ISIS adjacency loss between Central P-routers after planned IOS-XR upgrade. SPF recalculation loop detected causing micro-burst packet loss. ECMP paths became unequal triggering traffic imbalance across 32 interfaces.,West,SD-WAN,P4-Low,12,Cisco,Executed rollback of misconfigured ACL policies via out-of-band management. Implemented pre-deployment validation checks in CI/CD pipeline. Change freeze applied.,2023-06-05T01:26:29,"SMS, Roaming Services",Transport Failure,8505,13,3
ALM-2024-00328,Fiber cut on backbone ring between South hub and metro aggregation node. APS (Automatic Protection Switching) triggered but secondary path showing 312ms additional latency. 46 enterprise circuits and 129922 mobile subscribers affected on dependent transport.,North,Fiber,P3-Medium,29,Huawei,Applied emergency hotfix patch HF-3180 from vendor. Restarted UPF/SMF network functions. Verified PDU session establishment in staging environment before production rollout.,2023-06-07T17:16:15,Enterprise VPN,Hardware Failure,38112,43,5
ALM-2025-00491,Uplink PRB utilization exceeding 90% on 32 cells in North during peak traffic. Scheduler fairness degraded for edge UEs. Average throughput dropped 19%. Emergency capacity expansion through spectrum refarming initiated.,West,3G-UMTS,P4-Low,17,Cisco,Implemented emergency traffic offload through carrier WiFi and small cell densification. Activated additional spectrum through dynamic frequency assignment. Permanent capacity upgrade planned.,2023-06-08T06:38:42,"IoT Connectivity, Enterprise VPN",Capacity Overload,26215,30,0
ALM-2024-00315,Line card failure on Juniper core router in Central data center. Module 16/0 ejected due to ASIC thermal runaway at 107°C. Traffic failover to redundant linecard triggered 162ms packet loss event.,West,3G-UMTS,P1-Critical,179,Huawei,Re-established PTP synchronization chain using backup grandmaster. Deployed additional GNSS antennas for redundancy. Updated synchronization monitoring dashboards.,2023-06-10T23:52:15,"SMS, Enterprise VPN",Software Bug,84246,481,6
ALM-2025-00425,ISIS adjacency loss between South P-routers after planned IOS-XR upgrade. SPF recalculation loop detected causing micro-burst packet loss. ECMP paths became unequal triggering traffic imbalance across 7 interfaces.,Central,3G-UMTS,P2-High,130,Cisco,Implemented emergency traffic offload through carrier WiFi and small cell densification. Activated additional spectrum through dynamic frequency assignment. Permanent capacity upgrade planned.,2023-06-11T07:03:17,"Enterprise VPN, Emergency Services, IoT Connectivity",Software Bug,122472,330,1
ALM-2024-00329,Incorrect ACL configuration pushed to 34 Cisco routers in South via automated provisioning. Management plane traffic blocked causing loss of visibility to 34 network elements. Emergency rollback executed via out-of-band console access.,East,5G-NR,P4-Low,32,Ericsson,Replaced failed hardware component. Ran comprehensive diagnostic tests post-replacement. Updated preventive maintenance schedule and raised spare parts inventory threshold.,2023-06-13T17:21:51,"Video Streaming, IoT Connectivity",Power Failure,15862,37,5
ALM-2024-00230,PTP/IEEE-1588 grandmaster clock failure in North synchronization hierarchy. Holdover mode activated on 38 slave clocks. Phase error accumulating at 72 ns/s. 5G NR TDD frame alignment at risk after 37 minutes without reference.,West,4G-LTE,P1-Critical,38,Juniper,Restored fiber cut using emergency splice. Reconfigured DWDM parameters. Implemented enhanced physical layer monitoring with OTDR alerts. SLA credit issued to affected customers.,2023-06-13T23:12:06,"VoLTE, Emergency Services",Power Failure,118796,51,3
ALM-2024-00350,Segment routing MPLS path computation failure in Central SR-TE domain. PCE-server connectivity lost due to TLS certificate expiry. 37 critical traffic classes losing QoS guarantees. Enterprise SLA breached.,West,4G-LTE,P4-Low,26,Ericsson,Restarted affected network function instances. Applied configuration correction. Root cause analysis completed and design fix scheduled for next maintenance window.,2023-06-17T21:20:52,Data Sessions,Authentication Failure,20690,48,4
ALM-2023-00150,Incorrect ACL configuration pushed to 39 Cisco routers in West via automated provisioning. Management plane traffic blocked causing loss of visibility to 39 network elements. Emergency rollback executed via out-of-band console access.,North,5G-NR,P2-High,26,Ericsson,Replaced failed hardware component. Ran comprehensive diagnostic tests post-replacement. Updated preventive maintenance schedule and raised spare parts inventory threshold.,2023-06-18T08:58:12,"SMS, IoT Connectivity, Emergency Services",Hardware Failure,55566,67,5
ALM-2024-00263,Fiber cut on backbone ring between North hub and metro aggregation node. APS (Automatic Protection Switching) triggered but secondary path showing 117ms additional latency. 46 enterprise circuits and 135321 mobile subscribers affected on dependent transport.,North,3G-UMTS,P1-Critical,87,Juniper,Executed rollback of misconfigured ACL policies via out-of-band management. Implemented pre-deployment validation checks in CI/CD pipeline. Change freeze applied.,2023-06-26T05:37:24,"Emergency Services, VoLTE",Interference,100809,250,0
ALM-2024-00392,Uplink PRB utilization exceeding 90% on 22 cells in Central during peak traffic. Scheduler fairness degraded for edge UEs. Average throughput dropped 22%. Emergency capacity expansion through spectrum refarming initiated.,South,MPLS,P3-Medium,50,Nokia,Restored fiber cut using emergency splice. Reconfigured DWDM parameters. Implemented enhanced physical layer monitoring with OTDR alerts. SLA credit issued to affected customers.,2023-06-28T08:22:21,"Data Sessions, Video Streaming, Emergency Services",Transport Failure,1785,141,5
ALM-2024-00354,Line card failure on Ericsson core router in West data center. Module 4/0 ejected due to ASIC thermal runaway at 92°C. Traffic failover to redundant linecard triggered 303ms packet loss event.,South,Fiber,P2-High,120,Nokia,Implemented emergency traffic offload through carrier WiFi and small cell densification. Activated additional spectrum through dynamic frequency assignment. Permanent capacity upgrade planned.,2023-06-28T13:47:21,"SMS, Roaming Services",Power Failure,61730,125,4
ALM-2024-00336,Core network signaling storm from 35 IoT devices in South entering simultaneous TAU cycles. MME/AMF overloaded causing 53% attach rejection rate. Emergency rate limiting applied to prevent total core collapse.,South,5G-NR,P3-Medium,115,Ericsson,Restored fiber cut using emergency splice. Reconfigured DWDM parameters. Implemented enhanced physical layer monitoring with OTDR alerts. SLA credit issued to affected customers.,2023-07-04T13:39:56,"Emergency Services, Data Sessions, VoLTE",Link Down,99921,224,5
ALM-2025-00498,MPLS LDP session flap on core router in East causing traffic blackhole for 83 minutes. 12 L3VPN tunnels re-converging after IGP topology change. BGP prefix withdrawal storm affected enterprise customers during reconvergence.,North,MPLS,P2-High,120,Juniper,Re-established PTP synchronization chain using backup grandmaster. Deployed additional GNSS antennas for redundancy. Updated synchronization monitoring dashboards.,2023-07-04T16:12:33,Roaming Services,Power Failure,103326,158,5
ALM-2023-00058,Massive MIMO antenna tilt misconfiguration on 41 sector sites in East. SINR degraded by 6 dB causing uplink interference. Capacity reduced by 42% during peak hours. Service degradation reported by enterprise customers using mmWave bands.,Central,4G-LTE,P3-Medium,55,Huawei,Restarted affected network function instances. Applied configuration correction. Root cause analysis completed and design fix scheduled for next maintenance window.,2023-07-07T08:14:14,"Video Streaming, VoLTE, SMS",Config Error,54258,132,3
ALM-2025-00473,LTE carrier aggregation malfunction on Band 3 + Band 7 in South. PDCP layer buffer overflow caused by DRB misconfiguration after software patch HF-4149. 113308 high-value subscribers affected. ARPU impact estimated at $1162K.,North,3G-UMTS,P3-Medium,59,Huawei,Re-established PTP synchronization chain using backup grandmaster. Deployed additional GNSS antennas for redundancy. Updated synchronization monitoring dashboards.,2023-07-07T09:27:27,Voice Calls,Sync Loss,24996,109,2
ALM-2023-00090,PTP/IEEE-1588 grandmaster clock failure in Central synchronization hierarchy. Holdover mode activated on 14 slave clocks. Phase error accumulating at 41 ns/s. 5G NR TDD frame alignment at risk after 381 minutes without reference.,Central,SD-WAN,P4-Low,34,Nokia,Re-established PTP synchronization chain using backup grandmaster. Deployed additional GNSS antennas for redundancy. Updated synchronization monitoring dashboards.,2023-07-10T00:10:59,Voice Calls,Link Down,38106,49,1
ALM-2025-00422,CSFB (Circuit Switched Fallback) failure rate spike in East — 58% failure observed. MSC-S unreachable from 40 eNodeBs due to SS7 link congestion. Voice call setup failure affected 106301 subscribers during peak hours.,West,5G-NR,P4-Low,25,Juniper,Re-established PTP synchronization chain using backup grandmaster. Deployed additional GNSS antennas for redundancy. Updated synchronization monitoring dashboards.,2023-07-10T15:48:41,Enterprise VPN,Capacity Overload,31631,59,5
ALM-2023-00035,Fiber cut on backbone ring between South hub and metro aggregation node. APS (Automatic Protection Switching) triggered but secondary path showing 176ms additional latency. 34 enterprise circuits and 134052 mobile subscribers affected on dependent transport.,East,5G-NR,P3-Medium,40,Nokia,Replaced failed hardware component. Ran comprehensive diagnostic tests post-replacement. Updated preventive maintenance schedule and raised spare parts inventory threshold.,2023-07-11T17:19:29,Emergency Services,Transport Failure,57455,73,0
ALM-2024-00235,GNSS antenna failure on West primary timing reference. Backup BITS/SSU clock source activated. Stratum level degraded from 1 to 3. 48 dependent 5G sites at risk of air interface synchronization failure.,Central,MPLS,P1-Critical,209,Ericsson,Re-established PTP synchronization chain using backup grandmaster. Deployed additional GNSS antennas for redundancy. Updated synchronization monitoring dashboards.,2023-07-15T02:13:34,Data Sessions,Software Bug,80193,549,4
ALM-2025-00458,Core network signaling storm from 7 IoT devices in North entering simultaneous TAU cycles. MME/AMF overloaded causing 41% attach rejection rate. Emergency rate limiting applied to prevent total core collapse.,East,Fiber,P2-High,166,Juniper,Executed rollback of misconfigured ACL policies via out-of-band management. Implemented pre-deployment validation checks in CI/CD pipeline. Change freeze applied.,2023-07-17T11:33:47,"Enterprise VPN, Data Sessions",Capacity Overload,132479,367,8
ALM-2024-00365,49 gNB nodes in Central region reporting X2 interface failures after firmware upgrade to 22.Q3. UE attach success rate dropped from 98% to 47%. Engineers observed increased RRC connection rejections. Root cause identified as misconfigured AMF pool configuration post-upgrade.,East,Fiber,P4-Low,17,Ericsson,Re-established PTP synchronization chain using backup grandmaster. Deployed additional GNSS antennas for redundancy. Updated synchronization monitoring dashboards.,2023-07-17T15:02:48,"Data Sessions, VoLTE, Video Streaming",Transport Failure,32064,50,0
ALM-2024-00390,PTP/IEEE-1588 grandmaster clock failure in West synchronization hierarchy. Holdover mode activated on 17 slave clocks. Phase error accumulating at 77 ns/s. 5G NR TDD frame alignment at risk after 116 minutes without reference.,Central,MPLS,P4-Low,14,Cisco,Replaced failed hardware component. Ran comprehensive diagnostic tests post-replacement. Updated preventive maintenance schedule and raised spare parts inventory threshold.,2023-07-17T21:18:09,"Emergency Services, VoLTE",Interference,3080,41,6
ALM-2023-00094,Massive MIMO antenna tilt misconfiguration on 40 sector sites in South. SINR degraded by 3 dB causing uplink interference. Capacity reduced by 19% during peak hours. Service degradation reported by enterprise customers using mmWave bands.,Central,Fiber,P2-High,43,Ericsson,Restarted affected network function instances. Applied configuration correction. Root cause analysis completed and design fix scheduled for next maintenance window.,2023-07-17T22:29:53,"Emergency Services, SMS",Hardware Failure,129133,106,6
ALM-2024-00233,Multiple eNodeBs in South showing S1 interface failure after planned maintenance window. MME connection dropped across 3 sites. Cause: BGP route advertisement error on backhaul routers. Subscribers experiencing call drops and data session timeouts in the affected area.,East,5G-NR,P4-Low,47,Huawei,Executed rollback of misconfigured ACL policies via out-of-band management. Implemented pre-deployment validation checks in CI/CD pipeline. Change freeze applied.,2023-07-18T16:37:17,"Voice Calls, VoLTE, Data Sessions",Software Bug,21441,78,2
ALM-2023-00097,GNSS antenna failure on Central primary timing reference. Backup BITS/SSU clock source activated. Stratum level degraded from 1 to 3. 31 dependent 5G sites at risk of air interface synchronization failure.,South,SD-WAN,P3-Medium,88,Juniper,Restarted affected network function instances. Applied configuration correction. Root cause analysis completed and design fix scheduled for next maintenance window.,2023-07-23T03:55:32,Data Sessions,Authentication Failure,70092,156,5
ALM-2023-00128,PTP/IEEE-1588 grandmaster clock failure in North synchronization hierarchy. Holdover mode activated on 15 slave clocks. Phase error accumulating at 81 ns/s. 5G NR TDD frame alignment at risk after 298 minutes without reference.,West,3G-UMTS,P1-Critical,137,Ericsson,Restarted affected network function instances. Applied configuration correction. Root cause analysis completed and design fix scheduled for next maintenance window.,2023-07-23T14:36:49,"Roaming Services, SMS, Enterprise VPN",Link Down,18923,151,2
ALM-2023-00018,CSFB (Circuit Switched Fallback) failure rate spike in West — 84% failure observed. MSC-S unreachable from 29 eNodeBs due to SS7 link congestion. Voice call setup failure affected 16966 subscribers during peak hours.,South,5G-NR,P4-Low,8,Huawei,Applied emergency hotfix patch HF-8737 from vendor. Restarted UPF/SMF network functions. Verified PDU session establishment in staging environment before production rollout.,2023-07-26T17:51:00,"Roaming Services, Video Streaming, SMS",Power Failure,18806,24,1
ALM-2023-00106,Core network signaling storm from 19 IoT devices in Central entering simultaneous TAU cycles. MME/AMF overloaded causing 42% attach rejection rate. Emergency rate limiting applied to prevent total core collapse.,South,3G-UMTS,P4-Low,25,Cisco,Implemented emergency traffic offload through carrier WiFi and small cell densification. Activated additional spectrum through dynamic frequency assignment. Permanent capacity upgrade planned.,2023-07-26T18:00:36,"Video Streaming, Emergency Services",Transport Failure,18736,67,7
ALM-2023-00036,LTE carrier aggregation malfunction on Band 3 + Band 7 in North. PDCP layer buffer overflow caused by DRB misconfiguration after software patch HF-1633. 60670 high-value subscribers affected. ARPU impact estimated at $481K.,East,SD-WAN,P1-Critical,44,Juniper,Restored fiber cut using emergency splice. Reconfigured DWDM parameters. Implemented enhanced physical layer monitoring with OTDR alerts. SLA credit issued to affected customers.,2023-07-26T18:08:08,Data Sessions,Transport Failure,66708,119,0
ALM-2024-00216,CSFB (Circuit Switched Fallback) failure rate spike in South — 70% failure observed. MSC-S unreachable from 15 eNodeBs due to SS7 link congestion. Voice call setup failure affected 97556 subscribers during peak hours.,West,MPLS,P1-Critical,112,Huawei,Implemented emergency traffic offload through carrier WiFi and small cell densification. Activated additional spectrum through dynamic frequency assignment. Permanent capacity upgrade planned.,2023-07-28T19:52:58,Video Streaming,Capacity Overload,96709,194,6
ALM-2023-00170,CU-DU functional split failure on 5 distributed 5G nodes in South. F1 interface went down due to transport network IP route withdrawal. Mid-haul link between CU and DU lost for 137 minutes causing complete service disruption.,West,4G-LTE,P3-Medium,103,Ericsson,Applied emergency hotfix patch HF-7039 from vendor. Restarted UPF/SMF network functions. Verified PDU session establishment in staging environment before production rollout.,2023-07-29T13:20:03,"Emergency Services, Video Streaming",Transport Failure,73484,216,4
ALM-2024-00387,Multiple eNodeBs in North showing S1 interface failure after planned maintenance window. MME connection dropped across 14 sites. Cause: BGP route advertisement error on backhaul routers. Subscribers experiencing call drops and data session timeouts in the affected area.,North,MPLS,P4-Low,21,Ericsson,Restarted affected network function instances. Applied configuration correction. Root cause analysis completed and design fix scheduled for next maintenance window.,2023-07-31T16:01:53,"Enterprise VPN, Voice Calls, IoT Connectivity",Config Error,25301,24,3
ALM-2023-00023,Line card failure on Juniper core router in East data center. Module 6/1 ejected due to ASIC thermal runaway at 107°C. Traffic failover to redundant linecard triggered 290ms packet loss event.,South,Fiber,P1-Critical,234,Juniper,Restored BGP route advertisements on backhaul routers. Reset SCTP associations to AMF. Implemented route dampening to prevent future flapping. Added monitoring alerts for BGP state changes.,2023-08-01T02:15:21,"Video Streaming, Roaming Services, Data Sessions",Interference,43500,392,6
ALM-2023-00183,Uplink PRB utilization exceeding 90% on 11 cells in South during peak traffic. Scheduler fairness degraded for edge UEs. Average throughput dropped 37%. Emergency capacity expansion through spectrum refarming initiated.,North,3G-UMTS,P3-Medium,48,Juniper,Implemented emergency traffic offload through carrier WiFi and small cell densification. Activated additional spectrum through dynamic frequency assignment. Permanent capacity upgrade planned.,2023-08-02T01:19:17,"VoLTE, Roaming Services, Emergency Services",Software Bug,98666,103,7
ALM-2025-00421,Line card failure on Cisco core router in South data center. Module 13/2 ejected due to ASIC thermal runaway at 99°C. Traffic failover to redundant linecard triggered 359ms packet loss event.,South,4G-LTE,P4-Low,30,Nokia,Replaced failed hardware component. Ran comprehensive diagnostic tests post-replacement. Updated preventive maintenance schedule and raised spare parts inventory threshold.,2023-08-04T19:42:25,"Voice Calls, Enterprise VPN, Data Sessions",Sync Loss,7155,31,4
ALM-2025-00435,Multiple eNodeBs in Central showing S1 interface failure after planned maintenance window. MME connection dropped across 35 sites. Cause: BGP route advertisement error on backhaul routers. Subscribers experiencing call drops and data session timeouts in the affected area.,East,Fiber,P1-Critical,124,Huawei,Executed rollback of misconfigured ACL policies via out-of-band management. Implemented pre-deployment validation checks in CI/CD pipeline. Change freeze applied.,2023-08-05T05:40:13,"Roaming Services, Enterprise VPN, VoLTE",Software Bug,124755,273,7
ALM-2023-00129,Line card failure on Ericsson core router in Central data center. Module 5/1 ejected due to ASIC thermal runaway at 85°C. Traffic failover to redundant linecard triggered 306ms packet loss event.,South,SD-WAN,P4-Low,26,Huawei,Executed RF parameter optimization using SON toolset. Adjusted antenna tilt by 11 degrees. Activated neighbor cell load balancing. Service KPIs returned to baseline within 134 minutes.,2023-08-06T09:23:18,"Roaming Services, Video Streaming, VoLTE",Interference,41400,60,4
ALM-2024-00220,Line card failure on Nokia core router in Central data center. Module 1/1 ejected due to ASIC thermal runaway at 113°C. Traffic failover to redundant linecard triggered 240ms packet loss event.,South,MPLS,P2-High,95,Juniper,Executed RF parameter optimization using SON toolset. Adjusted antenna tilt by 10 degrees. Activated neighbor cell load balancing. Service KPIs returned to baseline within 19 minutes.,2023-08-08T12:19:33,"Video Streaming, SMS",Power Failure,2722,144,8
ALM-2024-00212,Massive MIMO antenna tilt misconfiguration on 40 sector sites in South. SINR degraded by 9 dB causing uplink interference. Capacity reduced by 22% during peak hours. Service degradation reported by enterprise customers using mmWave bands.,East,3G-UMTS,P1-Critical,66,Juniper,Implemented emergency traffic offload through carrier WiFi and small cell densification. Activated additional spectrum through dynamic frequency assignment. Permanent capacity upgrade planned.,2023-08-08T17:48:22,"Emergency Services, Data Sessions",Interference,65752,75,5
ALM-2023-00184,Core network signaling storm from 41 IoT devices in North entering simultaneous TAU cycles. MME/AMF overloaded causing 54% attach rejection rate. Emergency rate limiting applied to prevent total core collapse.,East,5G-NR,P4-Low,24,Cisco,Executed RF parameter optimization using SON toolset. Adjusted antenna tilt by 6 degrees. Activated neighbor cell load balancing. Service KPIs returned to baseline within 251 minutes.,2023-08-12T00:18:57,"Roaming Services, Voice Calls, SMS",Software Bug,32999,39,0
ALM-2024-00273,Massive MIMO antenna tilt misconfiguration on 7 sector sites in South. SINR degraded by 11 dB causing uplink interference. Capacity reduced by 24% during peak hours. Service degradation reported by enterprise customers using mmWave bands.,West,5G-NR,P3-Medium,35,Nokia,Executed rollback of misconfigured ACL policies via out-of-band management. Implemented pre-deployment validation checks in CI/CD pipeline. Change freeze applied.,2023-08-16T07:11:00,IoT Connectivity,Hardware Failure,85192,55,1
ALM-2024-00321,Core network signaling storm from 30 IoT devices in South entering simultaneous TAU cycles. MME/AMF overloaded causing 45% attach rejection rate. Emergency rate limiting applied to prevent total core collapse.,South,5G-NR,P4-Low,16,Nokia,Executed rollback of misconfigured ACL policies via out-of-band management. Implemented pre-deployment validation checks in CI/CD pipeline. Change freeze applied.,2023-08-17T08:28:26,"Enterprise VPN, IoT Connectivity",Config Error,23823,21,5
ALM-2024-00254,Incorrect ACL configuration pushed to 42 Cisco routers in East via automated provisioning. Management plane traffic blocked causing loss of visibility to 42 network elements. Emergency rollback executed via out-of-band console access.,West,MPLS,P4-Low,38,Huawei,Rolled back firmware to previous stable version 23.Q4. Reconfigured AMF pool settings per vendor guidelines. Performed progressive site-by-site upgrade with validation checkpoints. Full service restored.,2023-08-17T15:28:55,"Video Streaming, Emergency Services, Voice Calls",Config Error,37216,70,4
ALM-2024-00215,CSFB (Circuit Switched Fallback) failure rate spike in East — 65% failure observed. MSC-S unreachable from 19 eNodeBs due to SS7 link congestion. Voice call setup failure affected 144987 subscribers during peak hours.,East,5G-NR,P1-Critical,123,Juniper,Applied emergency hotfix patch HF-5100 from vendor. Restarted UPF/SMF network functions. Verified PDU session establishment in staging environment before production rollout.,2023-08-20T11:58:10,Enterprise VPN,Link Down,43630,280,2
ALM-2023-00008,DWDM wavelength drift detected on West fiber span kilometer 260. OSNR degraded below threshold causing FEC errors to spike. Amplifier gain tilt compensation adjusted but optical power margin remains critically low.,West,4G-LTE,P1-Critical,146,Cisco,Executed RF parameter optimization using SON toolset. Adjusted antenna tilt by 14 degrees. Activated neighbor cell load balancing. Service KPIs returned to baseline within 207 minutes.,2023-08-20T16:48:31,"Enterprise VPN, SMS, Video Streaming",Software Bug,172444,199,8
ALM-2025-00500,DWDM wavelength drift detected on North fiber span kilometer 471. OSNR degraded below threshold causing FEC errors to spike. Amplifier gain tilt compensation adjusted but optical power margin remains critically low.,West,Fiber,P4-Low,15,Nokia,Re-established PTP synchronization chain using backup grandmaster. Deployed additional GNSS antennas for redundancy. Updated synchronization monitoring dashboards.,2023-08-24T05:07:03,"Enterprise VPN, SMS, Roaming Services",Config Error,18520,41,4
ALM-2023-00102,DWDM wavelength drift detected on East fiber span kilometer 176. OSNR degraded below threshold causing FEC errors to spike. Amplifier gain tilt compensation adjusted but optical power margin remains critically low.,North,MPLS,P3-Medium,21,Juniper,Restored BGP route advertisements on backhaul routers. Reset SCTP associations to AMF. Implemented route dampening to prevent future flapping. Added monitoring alerts for BGP state changes.,2023-08-25T09:26:44,"SMS, IoT Connectivity",Power Failure,83777,45,5
ALM-2024-00229,CSFB (Circuit Switched Fallback) failure rate spike in North — 57% failure observed. MSC-S unreachable from 14 eNodeBs due to SS7 link congestion. Voice call setup failure affected 97060 subscribers during peak hours.,Central,SD-WAN,P4-Low,40,Ericsson,Restored fiber cut using emergency splice. Reconfigured DWDM parameters. Implemented enhanced physical layer monitoring with OTDR alerts. SLA credit issued to affected customers.,2023-08-27T12:01:48,"Enterprise VPN, Data Sessions, Video Streaming",Authentication Failure,14737,54,2
ALM-2023-00151,Multiple eNodeBs in West showing S1 interface failure after planned maintenance window. MME connection dropped across 32 sites. Cause: BGP route advertisement error on backhaul routers. Subscribers experiencing call drops and data session timeouts in the affected area.,South,MPLS,P1-Critical,181,Cisco,Replaced failed hardware component. Ran comprehensive diagnostic tests post-replacement. Updated preventive maintenance schedule and raised spare parts inventory threshold.,2023-08-28T20:38:48,"VoLTE, SMS",Software Bug,19984,492,0
ALM-2024-00400,BGP route policy misconfiguration in East caused 43K prefixes to be inadvertently withdrawn. Internet traffic blackholed for 172 minutes. Customer escalations: 36837 broadband users reported total connectivity loss.,North,Fiber,P1-Critical,180,Juniper,Executed rollback of misconfigured ACL policies via out-of-band management. Implemented pre-deployment validation checks in CI/CD pipeline. Change freeze applied.,2023-08-29T06:14:04,"Roaming Services, VoLTE, Data Sessions",Power Failure,23238,235,8
ALM-2023-00195,Battery backup degradation on 36 West BTS sites. Float charge voltage below threshold causing premature cutoff during grid outage. Preventive maintenance schedule requires immediate overhaul of UPS systems.,South,4G-LTE,P2-High,46,Ericsson,Applied emergency hotfix patch HF-2916 from vendor. Restarted UPF/SMF network functions. Verified PDU session establishment in staging environment before production rollout.,2023-08-29T15:03:59,Emergency Services,Capacity Overload,137705,94,6
ALM-2024-00242,LTE PDCP integrity protection mismatch on Nokia eNodeBs after security patch. UE contexts being dropped at RRC reconfiguration phase. 15 cells impacted in South. Hotfix deployment required to restore normal operations.,Central,4G-LTE,P1-Critical,202,Ericsson,Executed rollback of misconfigured ACL policies via out-of-band management. Implemented pre-deployment validation checks in CI/CD pipeline. Change freeze applied.,2023-08-29T21:17:03,"VoLTE, SMS",Authentication Failure,120095,240,6
ALM-2024-00262,Massive MIMO antenna tilt misconfiguration on 32 sector sites in North. SINR degraded by 5 dB causing uplink interference. Capacity reduced by 32% during peak hours. Service degradation reported by enterprise customers using mmWave bands.,North,4G-LTE,P3-Medium,36,Cisco,Executed RF parameter optimization using SON toolset. Adjusted antenna tilt by 3 degrees. Activated neighbor cell load balancing. Service KPIs returned to baseline within 447 minutes.,2023-09-01T07:01:17,"SMS, Enterprise VPN",Power Failure,76556,103,5
ALM-2024-00337,Line card failure on Huawei core router in Central data center. Module 11/1 ejected due to ASIC thermal runaway at 88°C. Traffic failover to redundant linecard triggered 498ms packet loss event.,East,3G-UMTS,P3-Medium,71,Juniper,Restarted affected network function instances. Applied configuration correction. Root cause analysis completed and design fix scheduled for next maintenance window.,2023-09-01T10:50:39,"Video Streaming, VoLTE, Voice Calls",Hardware Failure,15355,163,6
ALM-2024-00208,Power supply unit failure in North outdoor macro cell cabinet. Generator backup activated but fuel exhaustion after 205 hours caused site blackout. 23 collocated operators affected. TSSR dispatched for emergency repair.,Central,MPLS,P4-Low,19,Huawei,Applied emergency hotfix patch HF-1440 from vendor. Restarted UPF/SMF network functions. Verified PDU session establishment in staging environment before production rollout.,2023-09-02T09:26:33,"Emergency Services, Enterprise VPN, Roaming Services",Link Down,38606,25,7
ALM-2024-00353,Massive MIMO antenna tilt misconfiguration on 29 sector sites in South. SINR degraded by 10 dB causing uplink interference. Capacity reduced by 36% during peak hours. Service degradation reported by enterprise customers using mmWave bands.,Central,MPLS,P3-Medium,94,Ericsson,Executed rollback of misconfigured ACL policies via out-of-band management. Implemented pre-deployment validation checks in CI/CD pipeline. Change freeze applied.,2023-09-03T13:54:20,VoLTE,Power Failure,910,98,2
ALM-2024-00368,Battery backup degradation on 19 East BTS sites. Float charge voltage below threshold causing premature cutoff during grid outage. Preventive maintenance schedule requires immediate overhaul of UPS systems.,West,3G-UMTS,P2-High,74,Ericsson,Executed RF parameter optimization using SON toolset. Adjusted antenna tilt by 4 degrees. Activated neighbor cell load balancing. Service KPIs returned to baseline within 61 minutes.,2023-09-07T09:10:35,Data Sessions,Config Error,85061,135,0
ALM-2024-00234,PTP/IEEE-1588 grandmaster clock failure in North synchronization hierarchy. Holdover mode activated on 25 slave clocks. Phase error accumulating at 73 ns/s. 5G NR TDD frame alignment at risk after 188 minutes without reference.,South,Fiber,P3-Medium,105,Juniper,Re-established PTP synchronization chain using backup grandmaster. Deployed additional GNSS antennas for redundancy. Updated synchronization monitoring dashboards.,2023-09-08T06:05:09,"SMS, Data Sessions",Interference,8329,201,3
ALM-2023-00024,Multiple eNodeBs in South showing S1 interface failure after planned maintenance window. MME connection dropped across 11 sites. Cause: BGP route advertisement error on backhaul routers. Subscribers experiencing call drops and data session timeouts in the affected area.,South,4G-LTE,P1-Critical,157,Huawei,Restored fiber cut using emergency splice. Reconfigured DWDM parameters. Implemented enhanced physical layer monitoring with OTDR alerts. SLA credit issued to affected customers.,2023-09-16T15:28:21,"IoT Connectivity, Video Streaming",Power Failure,88192,379,8
ALM-2025-00424,DWDM wavelength drift detected on West fiber span kilometer 123. OSNR degraded below threshold causing FEC errors to spike. Amplifier gain tilt compensation adjusted but optical power margin remains critically low.,Central,SD-WAN,P3-Medium,82,Cisco,Restored fiber cut using emergency splice. Reconfigured DWDM parameters. Implemented enhanced physical layer monitoring with OTDR alerts. SLA credit issued to affected customers.,2023-09-16T23:43:41,Emergency Services,Power Failure,36652,196,3
ALM-2025-00448,Submarine cable EDFA failure causing signal degradation on Central international link. Capacity reduced from 300Gbps to 50Gbps. Traffic rerouted via alternate cable system with 332ms additional round-trip delay.,West,4G-LTE,P4-Low,52,Nokia,Restarted affected network function instances. Applied configuration correction. Root cause analysis completed and design fix scheduled for next maintenance window.,2023-09-17T20:41:14,"SMS, Voice Calls",Config Error,1854,146,2
ALM-2025-00434,BGP route policy misconfiguration in North caused 21K prefixes to be inadvertently withdrawn. Internet traffic blackholed for 455 minutes. Customer escalations: 87359 broadband users reported total connectivity loss.,Central,5G-NR,P3-Medium,65,Cisco,Re-established PTP synchronization chain using backup grandmaster. Deployed additional GNSS antennas for redundancy. Updated synchronization monitoring dashboards.,2023-09-19T09:44:37,"Voice Calls, Emergency Services",Transport Failure,13822,117,4
ALM-2024-00241,Power supply unit failure in North outdoor macro cell cabinet. Generator backup activated but fuel exhaustion after 379 hours caused site blackout. 4 collocated operators affected. TSSR dispatched for emergency repair.,South,SD-WAN,P4-Low,10,Juniper,Implemented emergency traffic offload through carrier WiFi and small cell densification. Activated additional spectrum through dynamic frequency assignment. Permanent capacity upgrade planned.,2023-09-23T04:49:40,"Voice Calls, Video Streaming",Transport Failure,40853,24,8
ALM-2023-00098,GNSS antenna failure on South primary timing reference. Backup BITS/SSU clock source activated. Stratum level degraded from 1 to 3. 17 dependent 5G sites at risk of air interface synchronization failure.,East,3G-UMTS,P1-Critical,234,Ericsson,Restored fiber cut using emergency splice. Reconfigured DWDM parameters. Implemented enhanced physical layer monitoring with OTDR alerts. SLA credit issued to affected customers.,2023-09-23T18:28:44,"SMS, Video Streaming",Link Down,93494,246,8
ALM-2024-00357,GNSS antenna failure on South primary timing reference. Backup BITS/SSU clock source activated. Stratum level degraded from 1 to 3. 9 dependent 5G sites at risk of air interface synchronization failure.,South,SD-WAN,P4-Low,23,Huawei,Restored fiber cut using emergency splice. Reconfigured DWDM parameters. Implemented enhanced physical layer monitoring with OTDR alerts. SLA credit issued to affected customers.,2023-09-24T01:52:01,Enterprise VPN,Capacity Overload,6114,55,4
ALM-2023-00107,GNSS antenna failure on Central primary timing reference. Backup BITS/SSU clock source activated. Stratum level degraded from 1 to 3. 26 dependent 5G sites at risk of air interface synchronization failure.,South,5G-NR,P3-Medium,14,Huawei,Implemented emergency traffic offload through carrier WiFi and small cell densification. Activated additional spectrum through dynamic frequency assignment. Permanent capacity upgrade planned.,2023-09-24T07:22:25,Data Sessions,Interference,93642,42,1
ALM-2023-00054,Uplink PRB utilization exceeding 90% on 37 cells in North during peak traffic. Scheduler fairness degraded for edge UEs. Average throughput dropped 46%. Emergency capacity expansion through spectrum refarming initiated.,West,4G-LTE,P1-Critical,110,Juniper,Restarted affected network function instances. Applied configuration correction. Root cause analysis completed and design fix scheduled for next maintenance window.,2023-09-29T12:54:36,"IoT Connectivity, Video Streaming",Capacity Overload,98014,270,4
ALM-2024-00398,BGP route policy misconfiguration in South caused 22K prefixes to be inadvertently withdrawn. Internet traffic blackholed for 457 minutes. Customer escalations: 129626 broadband users reported total connectivity loss.,East,5G-NR,P4-Low,49,Huawei,Re-established PTP synchronization chain using backup grandmaster. Deployed additional GNSS antennas for redundancy. Updated synchronization monitoring dashboards.,2023-09-30T11:20:24,"Voice Calls, Enterprise VPN, Video Streaming",Config Error,15991,108,3
ALM-2023-00016,MPLS LDP session flap on core router in East causing traffic blackhole for 384 minutes. 39 L3VPN tunnels re-converging after IGP topology change. BGP prefix withdrawal storm affected enterprise customers during reconvergence.,West,4G-LTE,P2-High,90,Ericsson,Restarted affected network function instances. Applied configuration correction. Root cause analysis completed and design fix scheduled for next maintenance window.,2023-10-03T14:03:27,Data Sessions,Power Failure,76646,149,0
ALM-2025-00476,MPLS LDP session flap on core router in Central causing traffic blackhole for 292 minutes. 24 L3VPN tunnels re-converging after IGP topology change. BGP prefix withdrawal storm affected enterprise customers during reconvergence.,North,3G-UMTS,P2-High,167,Juniper,Executed rollback of misconfigured ACL policies via out-of-band management. Implemented pre-deployment validation checks in CI/CD pipeline. Change freeze applied.,2023-10-04T10:00:07,"Voice Calls, Video Streaming",Authentication Failure,140825,429,3
ALM-2023-00012,Fiber cut on backbone ring between North hub and metro aggregation node. APS (Automatic Protection Switching) triggered but secondary path showing 172ms additional latency. 21 enterprise circuits and 30714 mobile subscribers affected on dependent transport.,West,MPLS,P2-High,151,Cisco,Executed rollback of misconfigured ACL policies via out-of-band management. Implemented pre-deployment validation checks in CI/CD pipeline. Change freeze applied.,2023-10-05T01:34:26,Enterprise VPN,Power Failure,138692,339,6
ALM-2025-00456,LTE carrier aggregation malfunction on Band 3 + Band 7 in East. PDCP layer buffer overflow caused by DRB misconfiguration after software patch HF-3257. 130831 high-value subscribers affected. ARPU impact estimated at $1701K.,Central,Fiber,P4-Low,53,Juniper,Executed RF parameter optimization using SON toolset. Adjusted antenna tilt by 7 degrees. Activated neighbor cell load balancing. Service KPIs returned to baseline within 320 minutes.,2023-10-05T17:26:30,"Enterprise VPN, Data Sessions",Transport Failure,37564,141,1
ALM-2024-00221,LTE PDCP integrity protection mismatch on Huawei eNodeBs after security patch. UE contexts being dropped at RRC reconfiguration phase. 28 cells impacted in Central. Hotfix deployment required to restore normal operations.,East,Fiber,P4-Low,5,Nokia,Replaced failed hardware component. Ran comprehensive diagnostic tests post-replacement. Updated preventive maintenance schedule and raised spare parts inventory threshold.,2023-10-08T05:12:27,"Data Sessions, SMS",Software Bug,11974,12,4
ALM-2024-00313,PTP/IEEE-1588 grandmaster clock failure in East synchronization hierarchy. Holdover mode activated on 35 slave clocks. Phase error accumulating at 56 ns/s. 5G NR TDD frame alignment at risk after 178 minutes without reference.,West,5G-NR,P1-Critical,141,Juniper,Executed rollback of misconfigured ACL policies via out-of-band management. Implemented pre-deployment validation checks in CI/CD pipeline. Change freeze applied.,2023-10-08T15:13:55,Emergency Services,Hardware Failure,144132,294,1
ALM-2023-00155,Power supply unit failure in North outdoor macro cell cabinet. Generator backup activated but fuel exhaustion after 388 hours caused site blackout. 7 collocated operators affected. TSSR dispatched for emergency repair.,North,5G-NR,P2-High,87,Huawei,Restored fiber cut using emergency splice. Reconfigured DWDM parameters. Implemented enhanced physical layer monitoring with OTDR alerts. SLA credit issued to affected customers.,2023-10-09T01:11:31,SMS,Power Failure,72175,116,0
ALM-2024-00311,LTE carrier aggregation malfunction on Band 3 + Band 7 in North. PDCP layer buffer overflow caused by DRB misconfiguration after software patch HF-3534. 107822 high-value subscribers affected. ARPU impact estimated at $1192K.,West,Fiber,P1-Critical,114,Ericsson,Implemented emergency traffic offload through carrier WiFi and small cell densification. Activated additional spectrum through dynamic frequency assignment. Permanent capacity upgrade planned.,2023-10-10T09:06:34,Data Sessions,Sync Loss,124871,132,4
ALM-2025-00488,X2 handover failures between Central eNodeBs and neighboring cluster. Inter-eNB handover success rate dropped to 55%. Ping-pong handover storms observed. SON algorithm override required to stabilize mobility parameters.,South,5G-NR,P2-High,80,Nokia,Implemented emergency traffic offload through carrier WiFi and small cell densification. Activated additional spectrum through dynamic frequency assignment. Permanent capacity upgrade planned.,2023-10-11T04:46:05,Data Sessions,Interference,83834,133,2
ALM-2025-00446,PTP/IEEE-1588 grandmaster clock failure in South synchronization hierarchy. Holdover mode activated on 35 slave clocks. Phase error accumulating at 78 ns/s. 5G NR TDD frame alignment at risk after 52 minutes without reference.,West,SD-WAN,P2-High,125,Ericsson,Restored fiber cut using emergency splice. Reconfigured DWDM parameters. Implemented enhanced physical layer monitoring with OTDR alerts. SLA credit issued to affected customers.,2023-10-14T21:49:37,Emergency Services,Interference,145678,322,4
ALM-2025-00494,Battery backup degradation on 43 Central BTS sites. Float charge voltage below threshold causing premature cutoff during grid outage. Preventive maintenance schedule requires immediate overhaul of UPS systems.,South,SD-WAN,P2-High,144,Huawei,Restarted affected network function instances. Applied configuration correction. Root cause analysis completed and design fix scheduled for next maintenance window.,2023-10-15T04:15:48,"Video Streaming, IoT Connectivity, VoLTE",Interference,1915,363,8
ALM-2025-00484,Battery backup degradation on 24 North BTS sites. Float charge voltage below threshold causing premature cutoff during grid outage. Preventive maintenance schedule requires immediate overhaul of UPS systems.,West,MPLS,P3-Medium,105,Nokia,Re-established PTP synchronization chain using backup grandmaster. Deployed additional GNSS antennas for redundancy. Updated synchronization monitoring dashboards.,2023-10-21T21:16:58,"Roaming Services, SMS",Power Failure,46109,210,4
ALM-2025-00495,Power supply unit failure in Central outdoor macro cell cabinet. Generator backup activated but fuel exhaustion after 378 hours caused site blackout. 12 collocated operators affected. TSSR dispatched for emergency repair.,West,3G-UMTS,P1-Critical,119,Nokia,Applied emergency hotfix patch HF-6292 from vendor. Restarted UPF/SMF network functions. Verified PDU session establishment in staging environment before production rollout.,2023-10-24T07:13:03,"Voice Calls, Enterprise VPN, VoLTE",Authentication Failure,44407,253,0
ALM-2023-00122,Multiple eNodeBs in North showing S1 interface failure after planned maintenance window. MME connection dropped across 3 sites. Cause: BGP route advertisement error on backhaul routers. Subscribers experiencing call drops and data session timeouts in the affected area.,Central,4G-LTE,P1-Critical,171,Ericsson,Restored fiber cut using emergency splice. Reconfigured DWDM parameters. Implemented enhanced physical layer monitoring with OTDR alerts. SLA credit issued to affected customers.,2023-10-24T08:20:11,"Enterprise VPN, Emergency Services",Hardware Failure,92591,171,1
ALM-2023-00004,21 gNB nodes in Central region reporting X2 interface failures after firmware upgrade to 22.Q3. UE attach success rate dropped from 98% to 52%. Engineers observed increased RRC connection rejections. Root cause identified as misconfigured AMF pool configuration post-upgrade.,East,MPLS,P4-Low,21,Huawei,Implemented emergency traffic offload through carrier WiFi and small cell densification. Activated additional spectrum through dynamic frequency assignment. Permanent capacity upgrade planned.,2023-10-28T02:02:20,Data Sessions,Transport Failure,12295,33,3
ALM-2024-00378,Line card failure on Cisco core router in East data center. Module 11/1 ejected due to ASIC thermal runaway at 85°C. Traffic failover to redundant linecard triggered 198ms packet loss event.,South,4G-LTE,P4-Low,13,Nokia,Re-established PTP synchronization chain using backup grandmaster. Deployed additional GNSS antennas for redundancy. Updated synchronization monitoring dashboards.,2023-10-29T04:57:04,"SMS, VoLTE, Enterprise VPN",Capacity Overload,2191,22,7
ALM-2024-00239,Fiber cut on backbone ring between Central hub and metro aggregation node. APS (Automatic Protection Switching) triggered but secondary path showing 467ms additional latency. 44 enterprise circuits and 6033 mobile subscribers affected on dependent transport.,South,4G-LTE,P3-Medium,19,Juniper,Implemented emergency traffic offload through carrier WiFi and small cell densification. Activated additional spectrum through dynamic frequency assignment. Permanent capacity upgrade planned.,2023-10-30T07:41:51,"Video Streaming, Roaming Services, IoT Connectivity",Interference,95672,26,0
ALM-2023-00143,Fiber cut on backbone ring between Central hub and metro aggregation node. APS (Automatic Protection Switching) triggered but secondary path showing 366ms additional latency. 50 enterprise circuits and 5489 mobile subscribers affected on dependent transport.,Central,5G-NR,P2-High,127,Cisco,Implemented emergency traffic offload through carrier WiFi and small cell densification. Activated additional spectrum through dynamic frequency assignment. Permanent capacity upgrade planned.,2023-10-31T09:53:26,"Emergency Services, IoT Connectivity, Enterprise VPN",Config Error,17028,305,1
ALM-2024-00282,ISIS adjacency loss between East P-routers after planned IOS-XR upgrade. SPF recalculation loop detected causing micro-burst packet loss. ECMP paths became unequal triggering traffic imbalance across 8 interfaces.,North,3G-UMTS,P1-Critical,90,Juniper,Restored fiber cut using emergency splice. Reconfigured DWDM parameters. Implemented enhanced physical layer monitoring with OTDR alerts. SLA credit issued to affected customers.,2023-11-02T17:12:56,"Roaming Services, IoT Connectivity, SMS",Hardware Failure,21171,232,6
ALM-2024-00333,Massive MIMO antenna tilt misconfiguration on 15 sector sites in East. SINR degraded by 14 dB causing uplink interference. Capacity reduced by 40% during peak hours. Service degradation reported by enterprise customers using mmWave bands.,East,3G-UMTS,P2-High,116,Huawei,Rolled back firmware to previous stable version 22.Q2. Reconfigured AMF pool settings per vendor guidelines. Performed progressive site-by-site upgrade with validation checkpoints. Full service restored.,2023-11-04T15:25:45,"Voice Calls, Video Streaming, Enterprise VPN",Transport Failure,70149,147,6
ALM-2025-00490,Submarine cable EDFA failure causing signal degradation on Central international link. Capacity reduced from 170Gbps to 35Gbps. Traffic rerouted via alternate cable system with 473ms additional round-trip delay.,North,4G-LTE,P3-Medium,76,Nokia,Executed RF parameter optimization using SON toolset. Adjusted antenna tilt by 8 degrees. Activated neighbor cell load balancing. Service KPIs returned to baseline within 12 minutes.,2023-11-08T12:08:22,"Voice Calls, IoT Connectivity",Link Down,51383,223,1
ALM-2024-00207,X2 handover failures between East eNodeBs and neighboring cluster. Inter-eNB handover success rate dropped to 84%. Ping-pong handover storms observed. SON algorithm override required to stabilize mobility parameters.,Central,3G-UMTS,P2-High,179,Cisco,Implemented emergency traffic offload through carrier WiFi and small cell densification. Activated additional spectrum through dynamic frequency assignment. Permanent capacity upgrade planned.,2023-11-09T21:09:04,"Voice Calls, VoLTE, Video Streaming",Interference,91061,387,3
ALM-2025-00426,Massive MIMO antenna tilt misconfiguration on 11 sector sites in North. SINR degraded by 13 dB causing uplink interference. Capacity reduced by 46% during peak hours. Service degradation reported by enterprise customers using mmWave bands.,South,4G-LTE,P4-Low,19,Huawei,Implemented emergency traffic offload through carrier WiFi and small cell densification. Activated additional spectrum through dynamic frequency assignment. Permanent capacity upgrade planned.,2023-11-10T20:35:32,VoLTE,Config Error,37468,51,1
ALM-2023-00007,DWDM wavelength drift detected on West fiber span kilometer 384. OSNR degraded below threshold causing FEC errors to spike. Amplifier gain tilt compensation adjusted but optical power margin remains critically low.,South,MPLS,P4-Low,41,Juniper,Executed rollback of misconfigured ACL policies via out-of-band management. Implemented pre-deployment validation checks in CI/CD pipeline. Change freeze applied.,2023-11-11T04:53:21,"Data Sessions, IoT Connectivity, SMS",Power Failure,38763,42,4
ALM-2024-00396,5G NR SA core network experiencing PDU session establishment failures in West. UPF processing latency spiked to 203ms. Affected 143345 IoT devices unable to connect. SMF logs show session binding errors correlated with UPF software defect #SW-14917.,North,SD-WAN,P3-Medium,102,Nokia,Executed rollback of misconfigured ACL policies via out-of-band management. Implemented pre-deployment validation checks in CI/CD pipeline. Change freeze applied.,2023-11-13T03:04:42,Enterprise VPN,Power Failure,99891,136,7
ALM-2024-00247,Core network signaling storm from 29 IoT devices in West entering simultaneous TAU cycles. MME/AMF overloaded causing 78% attach rejection rate. Emergency rate limiting applied to prevent total core collapse.,West,Fiber,P1-Critical,24,Huawei,Restored BGP route advertisements on backhaul routers. Reset SCTP associations to AMF. Implemented route dampening to prevent future flapping. Added monitoring alerts for BGP state changes.,2023-11-21T15:27:03,"Roaming Services, Enterprise VPN",Authentication Failure,140235,28,6
ALM-2023-00197,Uplink PRB utilization exceeding 90% on 28 cells in North during peak traffic. Scheduler fairness degraded for edge UEs. Average throughput dropped 36%. Emergency capacity expansion through spectrum refarming initiated.,West,SD-WAN,P3-Medium,41,Cisco,Executed RF parameter optimization using SON toolset. Adjusted antenna tilt by 7 degrees. Activated neighbor cell load balancing. Service KPIs returned to baseline within 330 minutes.,2023-11-27T02:42:34,Video Streaming,Transport Failure,2840,74,8
ALM-2024-00287,Power supply unit failure in West outdoor macro cell cabinet. Generator backup activated but fuel exhaustion after 340 hours caused site blackout. 30 collocated operators affected. TSSR dispatched for emergency repair.,West,4G-LTE,P3-Medium,36,Ericsson,Replaced failed hardware component. Ran comprehensive diagnostic tests post-replacement. Updated preventive maintenance schedule and raised spare parts inventory threshold.,2023-11-28T07:24:13,Emergency Services,Transport Failure,41677,85,6
ALM-2024-00236,Core network signaling storm from 14 IoT devices in West entering simultaneous TAU cycles. MME/AMF overloaded causing 61% attach rejection rate. Emergency rate limiting applied to prevent total core collapse.,South,5G-NR,P3-Medium,43,Huawei,Re-established PTP synchronization chain using backup grandmaster. Deployed additional GNSS antennas for redundancy. Updated synchronization monitoring dashboards.,2023-12-03T00:38:50,"Emergency Services, Enterprise VPN",Link Down,89390,114,3
ALM-2023-00104,CSFB (Circuit Switched Fallback) failure rate spike in South — 66% failure observed. MSC-S unreachable from 36 eNodeBs due to SS7 link congestion. Voice call setup failure affected 139663 subscribers during peak hours.,Central,Fiber,P3-Medium,34,Ericsson,Restarted affected network function instances. Applied configuration correction. Root cause analysis completed and design fix scheduled for next maintenance window.,2023-12-08T07:36:17,Emergency Services,Sync Loss,59605,81,5
ALM-2024-00289,Submarine cable EDFA failure causing signal degradation on Central international link. Capacity reduced from 120Gbps to 47Gbps. Traffic rerouted via alternate cable system with 58ms additional round-trip delay.,Central,5G-NR,P3-Medium,101,Juniper,Replaced failed hardware component. Ran comprehensive diagnostic tests post-replacement. Updated preventive maintenance schedule and raised spare parts inventory threshold.,2023-12-11T05:18:40,"Data Sessions, Emergency Services, Roaming Services",Authentication Failure,31125,106,2
ALM-2024-00370,Power supply unit failure in South outdoor macro cell cabinet. Generator backup activated but fuel exhaustion after 224 hours caused site blackout. 31 collocated operators affected. TSSR dispatched for emergency repair.,North,MPLS,P3-Medium,33,Huawei,Replaced failed hardware component. Ran comprehensive diagnostic tests post-replacement. Updated preventive maintenance schedule and raised spare parts inventory threshold.,2023-12-11T15:10:07,"IoT Connectivity, Video Streaming",Capacity Overload,42285,71,8
ALM-2024-00308,X2 handover failures between North eNodeBs and neighboring cluster. Inter-eNB handover success rate dropped to 83%. Ping-pong handover storms observed. SON algorithm override required to stabilize mobility parameters.,Central,3G-UMTS,P3-Medium,87,Ericsson,Rolled back firmware to previous stable version 20.Q4. Reconfigured AMF pool settings per vendor guidelines. Performed progressive site-by-site upgrade with validation checkpoints. Full service restored.,2023-12-13T07:51:12,"Voice Calls, Roaming Services, Video Streaming",Capacity Overload,66596,234,6
ALM-2024-00382,Battery backup degradation on 12 West BTS sites. Float charge voltage below threshold causing premature cutoff during grid outage. Preventive maintenance schedule requires immediate overhaul of UPS systems.,Central,MPLS,P2-High,42,Huawei,Restarted affected network function instances. Applied configuration correction. Root cause analysis completed and design fix scheduled for next maintenance window.,2023-12-14T13:16:34,Enterprise VPN,Capacity Overload,12023,120,8
ALM-2023-00121,ISIS adjacency loss between East P-routers after planned IOS-XR upgrade. SPF recalculation loop detected causing micro-burst packet loss. ECMP paths became unequal triggering traffic imbalance across 23 interfaces.,North,5G-NR,P2-High,27,Nokia,Restored BGP route advertisements on backhaul routers. Reset SCTP associations to AMF. Implemented route dampening to prevent future flapping. Added monitoring alerts for BGP state changes.,2023-12-17T09:38:25,"IoT Connectivity, VoLTE",Interference,90918,50,0
ALM-2025-00407,Power supply unit failure in South outdoor macro cell cabinet. Generator backup activated but fuel exhaustion after 312 hours caused site blackout. 35 collocated operators affected. TSSR dispatched for emergency repair.,North,Fiber,P2-High,121,Huawei,Restored BGP route advertisements on backhaul routers. Reset SCTP associations to AMF. Implemented route dampening to prevent future flapping. Added monitoring alerts for BGP state changes.,2023-12-18T03:09:14,"IoT Connectivity, Voice Calls",Hardware Failure,20389,187,8
ALM-2024-00375,ISIS adjacency loss between North P-routers after planned IOS-XR upgrade. SPF recalculation loop detected causing micro-burst packet loss. ECMP paths became unequal triggering traffic imbalance across 31 interfaces.,East,Fiber,P4-Low,29,Juniper,Replaced failed hardware component. Ran comprehensive diagnostic tests post-replacement. Updated preventive maintenance schedule and raised spare parts inventory threshold.,2023-12-20T19:18:04,Data Sessions,Transport Failure,2978,49,2
ALM-2023-00005,Uplink PRB utilization exceeding 90% on 32 cells in Central during peak traffic. Scheduler fairness degraded for edge UEs. Average throughput dropped 49%. Emergency capacity expansion through spectrum refarming initiated.,South,3G-UMTS,P2-High,50,Nokia,Re-established PTP synchronization chain using backup grandmaster. Deployed additional GNSS antennas for redundancy. Updated synchronization monitoring dashboards.,2023-12-21T06:52:34,"Enterprise VPN, Data Sessions, Roaming Services",Capacity Overload,94693,130,6
ALM-2023-00033,CSFB (Circuit Switched Fallback) failure rate spike in East — 47% failure observed. MSC-S unreachable from 34 eNodeBs due to SS7 link congestion. Voice call setup failure affected 41999 subscribers during peak hours.,North,SD-WAN,P4-Low,52,Ericsson,Restored fiber cut using emergency splice. Reconfigured DWDM parameters. Implemented enhanced physical layer monitoring with OTDR alerts. SLA credit issued to affected customers.,2023-12-22T08:14:33,SMS,Hardware Failure,4258,127,5
ALM-2024-00345,Battery backup degradation on 16 East BTS sites. Float charge voltage below threshold causing premature cutoff during grid outage. Preventive maintenance schedule requires immediate overhaul of UPS systems.,North,3G-UMTS,P2-High,38,Cisco,Applied emergency hotfix patch HF-4156 from vendor. Restarted UPF/SMF network functions. Verified PDU session establishment in staging environment before production rollout.,2023-12-28T00:03:52,"IoT Connectivity, Roaming Services, Data Sessions",Capacity Overload,54415,70,8
ALM-2023-00099,Multiple eNodeBs in West showing S1 interface failure after planned maintenance window. MME connection dropped across 29 sites. Cause: BGP route advertisement error on backhaul routers. Subscribers experiencing call drops and data session timeouts in the affected area.,South,5G-NR,P3-Medium,80,Nokia,Restarted affected network function instances. Applied configuration correction. Root cause analysis completed and design fix scheduled for next maintenance window.,2023-12-28T02:50:24,"VoLTE, IoT Connectivity",Capacity Overload,43096,179,6
ALM-2023-00135,49 gNB nodes in East region reporting X2 interface failures after firmware upgrade to 23.Q1. UE attach success rate dropped from 98% to 52%. Engineers observed increased RRC connection rejections. Root cause identified as misconfigured AMF pool configuration post-upgrade.,West,MPLS,P1-Critical,77,Ericsson,Restored BGP route advertisements on backhaul routers. Reset SCTP associations to AMF. Implemented route dampening to prevent future flapping. Added monitoring alerts for BGP state changes.,2023-12-29T02:04:19,"Video Streaming, SMS, Enterprise VPN",Sync Loss,22664,227,5
ALM-2025-00411,LTE PDCP integrity protection mismatch on Huawei eNodeBs after security patch. UE contexts being dropped at RRC reconfiguration phase. 32 cells impacted in East. Hotfix deployment required to restore normal operations.,East,MPLS,P1-Critical,122,Cisco,Applied emergency hotfix patch HF-6606 from vendor. Restarted UPF/SMF network functions. Verified PDU session establishment in staging environment before production rollout.,2023-12-31T20:00:41,VoLTE,Transport Failure,167041,205,1
ALM-2023-00133,CSFB (Circuit Switched Fallback) failure rate spike in West — 71% failure observed. MSC-S unreachable from 28 eNodeBs due to SS7 link congestion. Voice call setup failure affected 5334 subscribers during peak hours.,South,Fiber,P3-Medium,71,Cisco,Rolled back firmware to previous stable version 22.Q1. Reconfigured AMF pool settings per vendor guidelines. Performed progressive site-by-site upgrade with validation checkpoints. Full service restored.,2024-01-03T09:12:49,IoT Connectivity,Software Bug,40996,91,7
ALM-2024-00383,LTE PDCP integrity protection mismatch on Nokia eNodeBs after security patch. UE contexts being dropped at RRC reconfiguration phase. 3 cells impacted in North. Hotfix deployment required to restore normal operations.,South,Fiber,P3-Medium,114,Huawei,Restarted affected network function instances. Applied configuration correction. Root cause analysis completed and design fix scheduled for next maintenance window.,2024-01-04T11:15:49,IoT Connectivity,Transport Failure,7186,128,2
ALM-2023-00116,11 gNB nodes in Central region reporting X2 interface failures after firmware upgrade to 23.Q2. UE attach success rate dropped from 98% to 66%. Engineers observed increased RRC connection rejections. Root cause identified as misconfigured AMF pool configuration post-upgrade.,Central,MPLS,P3-Medium,108,Cisco,Restarted affected network function instances. Applied configuration correction. Root cause analysis completed and design fix scheduled for next maintenance window.,2024-01-06T02:22:54,"Voice Calls, Data Sessions",Transport Failure,82210,268,2
ALM-2025-00479,Multiple eNodeBs in East showing S1 interface failure after planned maintenance window. MME connection dropped across 31 sites. Cause: BGP route advertisement error on backhaul routers. Subscribers experiencing call drops and data session timeouts in the affected area.,West,4G-LTE,P3-Medium,105,Cisco,Implemented emergency traffic offload through carrier WiFi and small cell densification. Activated additional spectrum through dynamic frequency assignment. Permanent capacity upgrade planned.,2024-01-08T02:03:36,"Video Streaming, Data Sessions, Roaming Services",Interference,19449,106,2
ALM-2023-00006,Battery backup degradation on 40 South BTS sites. Float charge voltage below threshold causing premature cutoff during grid outage. Preventive maintenance schedule requires immediate overhaul of UPS systems.,West,SD-WAN,P3-Medium,68,Ericsson,Restored BGP route advertisements on backhaul routers. Reset SCTP associations to AMF. Implemented route dampening to prevent future flapping. Added monitoring alerts for BGP state changes.,2024-01-09T23:45:33,"Emergency Services, VoLTE",Software Bug,44200,159,8
ALM-2023-00057,MPLS LDP session flap on core router in South causing traffic blackhole for 411 minutes. 4 L3VPN tunnels re-converging after IGP topology change. BGP prefix withdrawal storm affected enterprise customers during reconvergence.,East,5G-NR,P1-Critical,89,Cisco,Restored BGP route advertisements on backhaul routers. Reset SCTP associations to AMF. Implemented route dampening to prevent future flapping. Added monitoring alerts for BGP state changes.,2024-01-11T04:23:22,"Data Sessions, SMS, Emergency Services",Authentication Failure,126457,233,7
ALM-2023-00148,Multiple eNodeBs in East showing S1 interface failure after planned maintenance window. MME connection dropped across 15 sites. Cause: BGP route advertisement error on backhaul routers. Subscribers experiencing call drops and data session timeouts in the affected area.,South,SD-WAN,P1-Critical,178,Nokia,Restored BGP route advertisements on backhaul routers. Reset SCTP associations to AMF. Implemented route dampening to prevent future flapping. Added monitoring alerts for BGP state changes.,2024-01-13T09:45:43,"Emergency Services, SMS",Sync Loss,37174,259,0
ALM-2024-00217,CU-DU functional split failure on 38 distributed 5G nodes in West. F1 interface went down due to transport network IP route withdrawal. Mid-haul link between CU and DU lost for 374 minutes causing complete service disruption.,East,3G-UMTS,P3-Medium,99,Huawei,Restarted affected network function instances. Applied configuration correction. Root cause analysis completed and design fix scheduled for next maintenance window.,2024-01-14T04:54:27,"VoLTE, Data Sessions, Emergency Services",Power Failure,45954,196,1
ALM-2023-00092,CU-DU functional split failure on 13 distributed 5G nodes in North. F1 interface went down due to transport network IP route withdrawal. Mid-haul link between CU and DU lost for 392 minutes causing complete service disruption.,Central,3G-UMTS,P3-Medium,73,Nokia,Implemented emergency traffic offload through carrier WiFi and small cell densification. Activated additional spectrum through dynamic frequency assignment. Permanent capacity upgrade planned.,2024-01-15T01:06:49,Video Streaming,Capacity Overload,62122,191,4
ALM-2023-00118,5G NR SA core network experiencing PDU session establishment failures in North. UPF processing latency spiked to 197ms. Affected 12017 IoT devices unable to connect. SMF logs show session binding errors correlated with UPF software defect #SW-93747.,East,MPLS,P2-High,15,Juniper,Implemented emergency traffic offload through carrier WiFi and small cell densification. Activated additional spectrum through dynamic frequency assignment. Permanent capacity upgrade planned.,2024-01-17T03:50:46,IoT Connectivity,Sync Loss,72699,39,5
ALM-2024-00280,LTE PDCP integrity protection mismatch on Juniper eNodeBs after security patch. UE contexts being dropped at RRC reconfiguration phase. 40 cells impacted in North. Hotfix deployment required to restore normal operations.,East,4G-LTE,P2-High,28,Ericsson,Restored fiber cut using emergency splice. Reconfigured DWDM parameters. Implemented enhanced physical layer monitoring with OTDR alerts. SLA credit issued to affected customers.,2024-01-17T16:37:17,"Video Streaming, Roaming Services",Power Failure,1149,69,1
ALM-2025-00482,Segment routing MPLS path computation failure in East SR-TE domain. PCE-server connectivity lost due to TLS certificate expiry. 35 critical traffic classes losing QoS guarantees. Enterprise SLA breached.,West,4G-LTE,P3-Medium,50,Juniper,Implemented emergency traffic offload through carrier WiFi and small cell densification. Activated additional spectrum through dynamic frequency assignment. Permanent capacity upgrade planned.,2024-01-18T23:31:27,"Enterprise VPN, Data Sessions, Video Streaming",Software Bug,35534,90,1
ALM-2023-00088,ISIS adjacency loss between South P-routers after planned IOS-XR upgrade. SPF recalculation loop detected causing micro-burst packet loss. ECMP paths became unequal triggering traffic imbalance across 44 interfaces.,North,5G-NR,P1-Critical,160,Ericsson,Implemented emergency traffic offload through carrier WiFi and small cell densification. Activated additional spectrum through dynamic frequency assignment. Permanent capacity upgrade planned.,2024-01-23T20:07:16,SMS,Interference,152935,440,1
ALM-2025-00496,Core network signaling storm from 24 IoT devices in West entering simultaneous TAU cycles. MME/AMF overloaded causing 41% attach rejection rate. Emergency rate limiting applied to prevent total core collapse.,Central,MPLS,P3-Medium,89,Huawei,Restored fiber cut using emergency splice. Reconfigured DWDM parameters. Implemented enhanced physical layer monitoring with OTDR alerts. SLA credit issued to affected customers.,2024-01-24T07:04:51,SMS,Power Failure,42746,125,4
ALM-2024-00343,MPLS LDP session flap on core router in Central causing traffic blackhole for 253 minutes. 47 L3VPN tunnels re-converging after IGP topology change. BGP prefix withdrawal storm affected enterprise customers during reconvergence.,Central,SD-WAN,P3-Medium,109,Cisco,Re-established PTP synchronization chain using backup grandmaster. Deployed additional GNSS antennas for redundancy. Updated synchronization monitoring dashboards.,2024-01-26T18:10:00,"Emergency Services, Video Streaming, IoT Connectivity",Capacity Overload,66522,130,3
ALM-2024-00278,Battery backup degradation on 5 South BTS sites. Float charge voltage below threshold causing premature cutoff during grid outage. Preventive maintenance schedule requires immediate overhaul of UPS systems.,East,5G-NR,P4-Low,11,Ericsson,Implemented emergency traffic offload through carrier WiFi and small cell densification. Activated additional spectrum through dynamic frequency assignment. Permanent capacity upgrade planned.,2024-01-27T10:06:57,"Emergency Services, Roaming Services",Authentication Failure,4660,21,7
ALM-2025-00467,N2/N3 interface congestion between South gNBs and AMF cluster. 42 sites showing SCTP association failures. Emergency handover to 4G-LTE fallback activated. Traffic load balancing misconfiguration identified as probable cause.,South,MPLS,P2-High,63,Cisco,Implemented emergency traffic offload through carrier WiFi and small cell densification. Activated additional spectrum through dynamic frequency assignment. Permanent capacity upgrade planned.,2024-01-27T13:51:02,"Emergency Services, Roaming Services",Sync Loss,75468,172,7
ALM-2023-00176,GNSS antenna failure on North primary timing reference. Backup BITS/SSU clock source activated. Stratum level degraded from 1 to 3. 16 dependent 5G sites at risk of air interface synchronization failure.,Central,MPLS,P1-Critical,25,Juniper,Restored BGP route advertisements on backhaul routers. Reset SCTP associations to AMF. Implemented route dampening to prevent future flapping. Added monitoring alerts for BGP state changes.,2024-01-28T07:33:01,"Video Streaming, Data Sessions",Power Failure,137052,66,3
ALM-2024-00339,Fiber cut on backbone ring between Central hub and metro aggregation node. APS (Automatic Protection Switching) triggered but secondary path showing 377ms additional latency. 30 enterprise circuits and 36005 mobile subscribers affected on dependent transport.,South,3G-UMTS,P3-Medium,104,Ericsson,Executed rollback of misconfigured ACL policies via out-of-band management. Implemented pre-deployment validation checks in CI/CD pipeline. Change freeze applied.,2024-02-06T17:08:09,"Voice Calls, IoT Connectivity",Power Failure,50541,295,0
ALM-2024-00246,5G NR SA core network experiencing PDU session establishment failures in Central. UPF processing latency spiked to 52ms. Affected 57919 IoT devices unable to connect. SMF logs show session binding errors correlated with UPF software defect #SW-92266.,South,3G-UMTS,P2-High,79,Juniper,Rolled back firmware to previous stable version 21.Q4. Reconfigured AMF pool settings per vendor guidelines. Performed progressive site-by-site upgrade with validation checkpoints. Full service restored.,2024-02-08T18:18:53,"Data Sessions, VoLTE, Video Streaming",Link Down,35203,130,1
ALM-2025-00408,Fiber cut on backbone ring between Central hub and metro aggregation node. APS (Automatic Protection Switching) triggered but secondary path showing 463ms additional latency. 20 enterprise circuits and 5925 mobile subscribers affected on dependent transport.,North,5G-NR,P1-Critical,233,Cisco,Implemented emergency traffic offload through carrier WiFi and small cell densification. Activated additional spectrum through dynamic frequency assignment. Permanent capacity upgrade planned.,2024-02-10T20:17:08,"VoLTE, IoT Connectivity",Interference,125643,533,5
ALM-2024-00292,CSFB (Circuit Switched Fallback) failure rate spike in East — 83% failure observed. MSC-S unreachable from 18 eNodeBs due to SS7 link congestion. Voice call setup failure affected 3496 subscribers during peak hours.,East,4G-LTE,P3-Medium,16,Cisco,Executed rollback of misconfigured ACL policies via out-of-band management. Implemented pre-deployment validation checks in CI/CD pipeline. Change freeze applied.,2024-02-15T17:52:00,IoT Connectivity,Sync Loss,16700,30,1
ALM-2025-00409,5G NR SA core network experiencing PDU session establishment failures in South. UPF processing latency spiked to 195ms. Affected 34455 IoT devices unable to connect. SMF logs show session binding errors correlated with UPF software defect #SW-97164.,North,4G-LTE,P2-High,76,Huawei,Executed RF parameter optimization using SON toolset. Adjusted antenna tilt by 9 degrees. Activated neighbor cell load balancing. Service KPIs returned to baseline within 329 minutes.,2024-02-18T07:08:54,"Enterprise VPN, VoLTE",Hardware Failure,53642,83,1
ALM-2023-00029,BGP route policy misconfiguration in Central caused 46K prefixes to be inadvertently withdrawn. Internet traffic blackholed for 163 minutes. Customer escalations: 27815 broadband users reported total connectivity loss.,Central,SD-WAN,P4-Low,8,Huawei,Executed RF parameter optimization using SON toolset. Adjusted antenna tilt by 13 degrees. Activated neighbor cell load balancing. Service KPIs returned to baseline within 106 minutes.,2024-02-20T05:38:24,Voice Calls,Transport Failure,10080,12,5
ALM-2024-00296,DWDM wavelength drift detected on West fiber span kilometer 261. OSNR degraded below threshold causing FEC errors to spike. Amplifier gain tilt compensation adjusted but optical power margin remains critically low.,South,5G-NR,P3-Medium,20,Huawei,Rolled back firmware to previous stable version 19.Q2. Reconfigured AMF pool settings per vendor guidelines. Performed progressive site-by-site upgrade with validation checkpoints. Full service restored.,2024-02-20T15:07:21,"Roaming Services, Enterprise VPN, SMS",Transport Failure,16555,47,8
ALM-2025-00455,5G NR SA core network experiencing PDU session establishment failures in Central. UPF processing latency spiked to 92ms. Affected 102292 IoT devices unable to connect. SMF logs show session binding errors correlated with UPF software defect #SW-66856.,North,3G-UMTS,P3-Medium,93,Juniper,Executed rollback of misconfigured ACL policies via out-of-band management. Implemented pre-deployment validation checks in CI/CD pipeline. Change freeze applied.,2024-02-21T15:22:57,Enterprise VPN,Authentication Failure,10446,187,0
ALM-2025-00478,PTP/IEEE-1588 grandmaster clock failure in Central synchronization hierarchy. Holdover mode activated on 33 slave clocks. Phase error accumulating at 67 ns/s. 5G NR TDD frame alignment at risk after 245 minutes without reference.,Central,SD-WAN,P2-High,121,Ericsson,Restored BGP route advertisements on backhaul routers. Reset SCTP associations to AMF. Implemented route dampening to prevent future flapping. Added monitoring alerts for BGP state changes.,2024-02-24T16:54:20,"Enterprise VPN, Video Streaming, Voice Calls",Software Bug,122678,294,0
ALM-2023-00066,DWDM wavelength drift detected on South fiber span kilometer 444. OSNR degraded below threshold causing FEC errors to spike. Amplifier gain tilt compensation adjusted but optical power margin remains critically low.,Central,3G-UMTS,P4-Low,22,Huawei,Restarted affected network function instances. Applied configuration correction. Root cause analysis completed and design fix scheduled for next maintenance window.,2024-03-02T14:23:44,Video Streaming,Link Down,40399,59,3
ALM-2023-00013,CU-DU functional split failure on 10 distributed 5G nodes in West. F1 interface went down due to transport network IP route withdrawal. Mid-haul link between CU and DU lost for 204 minutes causing complete service disruption.,West,Fiber,P4-Low,12,Nokia,Implemented emergency traffic offload through carrier WiFi and small cell densification. Activated additional spectrum through dynamic frequency assignment. Permanent capacity upgrade planned.,2024-03-02T18:44:05,Enterprise VPN,Sync Loss,33520,36,6
ALM-2024-00334,CSFB (Circuit Switched Fallback) failure rate spike in Central — 83% failure observed. MSC-S unreachable from 9 eNodeBs due to SS7 link congestion. Voice call setup failure affected 23422 subscribers during peak hours.,Central,SD-WAN,P4-Low,22,Huawei,Re-established PTP synchronization chain using backup grandmaster. Deployed additional GNSS antennas for redundancy. Updated synchronization monitoring dashboards.,2024-03-05T08:08:29,VoLTE,Link Down,7048,63,5
ALM-2024-00322,Fiber cut on backbone ring between South hub and metro aggregation node. APS (Automatic Protection Switching) triggered but secondary path showing 184ms additional latency. 27 enterprise circuits and 31494 mobile subscribers affected on dependent transport.,South,3G-UMTS,P4-Low,29,Nokia,Executed RF parameter optimization using SON toolset. Adjusted antenna tilt by 11 degrees. Activated neighbor cell load balancing. Service KPIs returned to baseline within 165 minutes.,2024-03-06T00:18:04,"SMS, Roaming Services, Data Sessions",Interference,10719,73,7
ALM-2025-00432,Line card failure on Nokia core router in East data center. Module 6/0 ejected due to ASIC thermal runaway at 112°C. Traffic failover to redundant linecard triggered 252ms packet loss event.,South,MPLS,P3-Medium,28,Juniper,Applied emergency hotfix patch HF-6463 from vendor. Restarted UPF/SMF network functions. Verified PDU session establishment in staging environment before production rollout.,2024-03-06T10:06:12,"Voice Calls, Data Sessions",Capacity Overload,56397,38,5
ALM-2023-00021,Uplink PRB utilization exceeding 90% on 14 cells in South during peak traffic. Scheduler fairness degraded for edge UEs. Average throughput dropped 54%. Emergency capacity expansion through spectrum refarming initiated.,West,4G-LTE,P4-Low,53,Huawei,Implemented emergency traffic offload through carrier WiFi and small cell densification. Activated additional spectrum through dynamic frequency assignment. Permanent capacity upgrade planned.,2024-03-06T18:59:33,"Enterprise VPN, Voice Calls",Software Bug,17145,127,4
ALM-2025-00483,N2/N3 interface congestion between West gNBs and AMF cluster. 32 sites showing SCTP association failures. Emergency handover to 4G-LTE fallback activated. Traffic load balancing misconfiguration identified as probable cause.,East,MPLS,P3-Medium,101,Nokia,Restored fiber cut using emergency splice. Reconfigured DWDM parameters. Implemented enhanced physical layer monitoring with OTDR alerts. SLA credit issued to affected customers.,2024-03-07T15:22:40,"Voice Calls, Roaming Services",Hardware Failure,43324,217,0
ALM-2023-00132,LTE carrier aggregation malfunction on Band 3 + Band 7 in North. PDCP layer buffer overflow caused by DRB misconfiguration after software patch HF-1482. 77015 high-value subscribers affected. ARPU impact estimated at $214K.,East,4G-LTE,P1-Critical,44,Nokia,Re-established PTP synchronization chain using backup grandmaster. Deployed additional GNSS antennas for redundancy. Updated synchronization monitoring dashboards.,2024-03-09T15:07:32,"Roaming Services, Video Streaming",Authentication Failure,129463,105,0
ALM-2023-00130,N2/N3 interface congestion between West gNBs and AMF cluster. 5 sites showing SCTP association failures. Emergency handover to 4G-LTE fallback activated. Traffic load balancing misconfiguration identified as probable cause.,West,3G-UMTS,P1-Critical,130,Nokia,Implemented emergency traffic offload through carrier WiFi and small cell densification. Activated additional spectrum through dynamic frequency assignment. Permanent capacity upgrade planned.,2024-03-10T09:20:56,"Roaming Services, Video Streaming",Hardware Failure,184530,281,1
ALM-2024-00227,LTE PDCP integrity protection mismatch on Ericsson eNodeBs after security patch. UE contexts being dropped at RRC reconfiguration phase. 4 cells impacted in South. Hotfix deployment required to restore normal operations.,West,MPLS,P2-High,127,Huawei,Re-established PTP synchronization chain using backup grandmaster. Deployed additional GNSS antennas for redundancy. Updated synchronization monitoring dashboards.,2024-03-14T14:22:50,"Voice Calls, Enterprise VPN",Software Bug,61931,190,1
ALM-2025-00463,Segment routing MPLS path computation failure in North SR-TE domain. PCE-server connectivity lost due to TLS certificate expiry. 36 critical traffic classes losing QoS guarantees. Enterprise SLA breached.,East,4G-LTE,P3-Medium,81,Nokia,Re-established PTP synchronization chain using backup grandmaster. Deployed additional GNSS antennas for redundancy. Updated synchronization monitoring dashboards.,2024-03-15T21:32:29,"IoT Connectivity, Emergency Services, Data Sessions",Config Error,30131,103,7
ALM-2024-00243,X2 handover failures between Central eNodeBs and neighboring cluster. Inter-eNB handover success rate dropped to 66%. Ping-pong handover storms observed. SON algorithm override required to stabilize mobility parameters.,North,3G-UMTS,P2-High,72,Juniper,Executed rollback of misconfigured ACL policies via out-of-band management. Implemented pre-deployment validation checks in CI/CD pipeline. Change freeze applied.,2024-03-19T13:37:09,"Data Sessions, Voice Calls, VoLTE",Authentication Failure,18039,188,5
ALM-2025-00480,Power supply unit failure in Central outdoor macro cell cabinet. Generator backup activated but fuel exhaustion after 414 hours caused site blackout. 47 collocated operators affected. TSSR dispatched for emergency repair.,East,5G-NR,P3-Medium,97,Cisco,Rolled back firmware to previous stable version 21.Q2. Reconfigured AMF pool settings per vendor guidelines. Performed progressive site-by-site upgrade with validation checkpoints. Full service restored.,2024-03-20T09:14:43,"Video Streaming, Voice Calls, IoT Connectivity",Interference,72323,172,6
ALM-2023-00131,Fiber cut on backbone ring between East hub and metro aggregation node. APS (Automatic Protection Switching) triggered but secondary path showing 118ms additional latency. 19 enterprise circuits and 141361 mobile subscribers affected on dependent transport.,West,4G-LTE,P4-Low,47,Huawei,Replaced failed hardware component. Ran comprehensive diagnostic tests post-replacement. Updated preventive maintenance schedule and raised spare parts inventory threshold.,2024-03-21T02:27:21,Video Streaming,Power Failure,10462,60,4
ALM-2024-00298,BGP route policy misconfiguration in West caused 14K prefixes to be inadvertently withdrawn. Internet traffic blackholed for 274 minutes. Customer escalations: 12695 broadband users reported total connectivity loss.,East,5G-NR,P1-Critical,23,Ericsson,Replaced failed hardware component. Ran comprehensive diagnostic tests post-replacement. Updated preventive maintenance schedule and raised spare parts inventory threshold.,2024-03-27T22:24:20,"SMS, IoT Connectivity",Power Failure,108791,41,0
ALM-2023-00078,CSFB (Circuit Switched Fallback) failure rate spike in South — 62% failure observed. MSC-S unreachable from 33 eNodeBs due to SS7 link congestion. Voice call setup failure affected 146496 subscribers during peak hours.,South,5G-NR,P4-Low,33,Ericsson,Restored fiber cut using emergency splice. Reconfigured DWDM parameters. Implemented enhanced physical layer monitoring with OTDR alerts. SLA credit issued to affected customers.,2024-03-29T09:02:53,SMS,Config Error,43093,36,5
ALM-2023-00146,DWDM wavelength drift detected on South fiber span kilometer 97. OSNR degraded below threshold causing FEC errors to spike. Amplifier gain tilt compensation adjusted but optical power margin remains critically low.,East,5G-NR,P3-Medium,98,Cisco,Executed rollback of misconfigured ACL policies via out-of-band management. Implemented pre-deployment validation checks in CI/CD pipeline. Change freeze applied.,2024-04-02T08:22:23,"SMS, Data Sessions, Emergency Services",Link Down,96184,240,1
ALM-2025-00440,Battery backup degradation on 30 North BTS sites. Float charge voltage below threshold causing premature cutoff during grid outage. Preventive maintenance schedule requires immediate overhaul of UPS systems.,West,MPLS,P3-Medium,21,Nokia,Replaced failed hardware component. Ran comprehensive diagnostic tests post-replacement. Updated preventive maintenance schedule and raised spare parts inventory threshold.,2024-04-07T20:58:50,"Enterprise VPN, Video Streaming, Data Sessions",Power Failure,38976,54,8
ALM-2025-00429,PTP/IEEE-1588 grandmaster clock failure in Central synchronization hierarchy. Holdover mode activated on 15 slave clocks. Phase error accumulating at 59 ns/s. 5G NR TDD frame alignment at risk after 148 minutes without reference.,Central,SD-WAN,P3-Medium,79,Cisco,Restored fiber cut using emergency splice. Reconfigured DWDM parameters. Implemented enhanced physical layer monitoring with OTDR alerts. SLA credit issued to affected customers.,2024-04-11T09:51:46,Enterprise VPN,Hardware Failure,16384,151,6
ALM-2024-00275,Battery backup degradation on 33 South BTS sites. Float charge voltage below threshold causing premature cutoff during grid outage. Preventive maintenance schedule requires immediate overhaul of UPS systems.,South,MPLS,P4-Low,52,Ericsson,Implemented emergency traffic offload through carrier WiFi and small cell densification. Activated additional spectrum through dynamic frequency assignment. Permanent capacity upgrade planned.,2024-04-15T08:35:04,Emergency Services,Hardware Failure,33129,111,1
ALM-2023-00068,28 gNB nodes in South region reporting X2 interface failures after firmware upgrade to 19.Q3. UE attach success rate dropped from 98% to 43%. Engineers observed increased RRC connection rejections. Root cause identified as misconfigured AMF pool configuration post-upgrade.,East,4G-LTE,P1-Critical,197,Huawei,Executed RF parameter optimization using SON toolset. Adjusted antenna tilt by 13 degrees. Activated neighbor cell load balancing. Service KPIs returned to baseline within 27 minutes.,2024-04-19T00:46:54,Video Streaming,Interference,106712,529,2
ALM-2025-00428,X2 handover failures between South eNodeBs and neighboring cluster. Inter-eNB handover success rate dropped to 80%. Ping-pong handover storms observed. SON algorithm override required to stabilize mobility parameters.,South,MPLS,P4-Low,10,Juniper,Restarted affected network function instances. Applied configuration correction. Root cause analysis completed and design fix scheduled for next maintenance window.,2024-04-27T11:17:24,SMS,Power Failure,38445,30,8
ALM-2025-00415,X2 handover failures between South eNodeBs and neighboring cluster. Inter-eNB handover success rate dropped to 47%. Ping-pong handover storms observed. SON algorithm override required to stabilize mobility parameters.,South,3G-UMTS,P3-Medium,94,Juniper,Re-established PTP synchronization chain using backup grandmaster. Deployed additional GNSS antennas for redundancy. Updated synchronization monitoring dashboards.,2024-05-01T06:46:49,"IoT Connectivity, Roaming Services",Config Error,53555,104,7
ALM-2023-00178,Line card failure on Juniper core router in South data center. Module 14/1 ejected due to ASIC thermal runaway at 115°C. Traffic failover to redundant linecard triggered 64ms packet loss event.,North,Fiber,P3-Medium,116,Juniper,Restored fiber cut using emergency splice. Reconfigured DWDM parameters. Implemented enhanced physical layer monitoring with OTDR alerts. SLA credit issued to affected customers.,2024-05-01T20:11:18,"Data Sessions, Roaming Services, Voice Calls",Interference,47391,311,0
ALM-2025-00453,Incorrect ACL configuration pushed to 6 Juniper routers in Central via automated provisioning. Management plane traffic blocked causing loss of visibility to 6 network elements. Emergency rollback executed via out-of-band console access.,South,5G-NR,P4-Low,41,Ericsson,Executed rollback of misconfigured ACL policies via out-of-band management. Implemented pre-deployment validation checks in CI/CD pipeline. Change freeze applied.,2024-05-05T23:53:10,"Emergency Services, VoLTE, Video Streaming",Config Error,40969,63,0
ALM-2024-00250,Power supply unit failure in Central outdoor macro cell cabinet. Generator backup activated but fuel exhaustion after 170 hours caused site blackout. 32 collocated operators affected. TSSR dispatched for emergency repair.,South,MPLS,P1-Critical,129,Ericsson,Implemented emergency traffic offload through carrier WiFi and small cell densification. Activated additional spectrum through dynamic frequency assignment. Permanent capacity upgrade planned.,2024-05-07T10:39:21,"Roaming Services, Enterprise VPN, Video Streaming",Config Error,15761,181,3
ALM-2023-00011,Uplink PRB utilization exceeding 90% on 14 cells in North during peak traffic. Scheduler fairness degraded for edge UEs. Average throughput dropped 60%. Emergency capacity expansion through spectrum refarming initiated.,South,5G-NR,P3-Medium,90,Cisco,Restored BGP route advertisements on backhaul routers. Reset SCTP associations to AMF. Implemented route dampening to prevent future flapping. Added monitoring alerts for BGP state changes.,2024-05-11T11:24:10,"Voice Calls, SMS, Enterprise VPN",Hardware Failure,69622,157,3
ALM-2024-00299,47 gNB nodes in South region reporting X2 interface failures after firmware upgrade to 19.Q1. UE attach success rate dropped from 98% to 72%. Engineers observed increased RRC connection rejections. Root cause identified as misconfigured AMF pool configuration post-upgrade.,West,5G-NR,P3-Medium,18,Ericsson,Executed RF parameter optimization using SON toolset. Adjusted antenna tilt by 5 degrees. Activated neighbor cell load balancing. Service KPIs returned to baseline within 440 minutes.,2024-05-14T14:08:24,"Roaming Services, Voice Calls, Video Streaming",Hardware Failure,18009,43,7
ALM-2024-00284,GNSS antenna failure on South primary timing reference. Backup BITS/SSU clock source activated. Stratum level degraded from 1 to 3. 22 dependent 5G sites at risk of air interface synchronization failure.,North,3G-UMTS,P4-Low,58,Ericsson,Executed RF parameter optimization using SON toolset. Adjusted antenna tilt by 15 degrees. Activated neighbor cell load balancing. Service KPIs returned to baseline within 209 minutes.,2024-05-15T14:42:12,Enterprise VPN,Software Bug,1434,107,0
ALM-2024-00244,DWDM wavelength drift detected on East fiber span kilometer 377. OSNR degraded below threshold causing FEC errors to spike. Amplifier gain tilt compensation adjusted but optical power margin remains critically low.,West,Fiber,P2-High,64,Huawei,Restarted affected network function instances. Applied configuration correction. Root cause analysis completed and design fix scheduled for next maintenance window.,2024-05-16T04:35:13,"Enterprise VPN, Video Streaming",Authentication Failure,146546,143,6
ALM-2024-00204,PTP/IEEE-1588 grandmaster clock failure in West synchronization hierarchy. Holdover mode activated on 37 slave clocks. Phase error accumulating at 58 ns/s. 5G NR TDD frame alignment at risk after 79 minutes without reference.,North,MPLS,P4-Low,24,Nokia,Executed rollback of misconfigured ACL policies via out-of-band management. Implemented pre-deployment validation checks in CI/CD pipeline. Change freeze applied.,2024-05-18T07:25:24,"VoLTE, Roaming Services, Video Streaming",Authentication Failure,11631,56,7
ALM-2024-00223,21 gNB nodes in South region reporting X2 interface failures after firmware upgrade to 19.Q3. UE attach success rate dropped from 98% to 70%. Engineers observed increased RRC connection rejections. Root cause identified as misconfigured AMF pool configuration post-upgrade.,South,Fiber,P4-Low,40,Cisco,Implemented emergency traffic offload through carrier WiFi and small cell densification. Activated additional spectrum through dynamic frequency assignment. Permanent capacity upgrade planned.,2024-05-19T15:14:13,Voice Calls,Authentication Failure,297,108,1
ALM-2025-00485,Submarine cable EDFA failure causing signal degradation on North international link. Capacity reduced from 387Gbps to 48Gbps. Traffic rerouted via alternate cable system with 269ms additional round-trip delay.,East,5G-NR,P3-Medium,38,Cisco,Implemented emergency traffic offload through carrier WiFi and small cell densification. Activated additional spectrum through dynamic frequency assignment. Permanent capacity upgrade planned.,2024-05-22T15:31:39,VoLTE,Capacity Overload,56755,95,3
ALM-2025-00471,CSFB (Circuit Switched Fallback) failure rate spike in Central — 67% failure observed. MSC-S unreachable from 19 eNodeBs due to SS7 link congestion. Voice call setup failure affected 34734 subscribers during peak hours.,West,Fiber,P3-Medium,15,Juniper,Restored fiber cut using emergency splice. Reconfigured DWDM parameters. Implemented enhanced physical layer monitoring with OTDR alerts. SLA credit issued to affected customers.,2024-05-23T10:04:55,"Enterprise VPN, Roaming Services, IoT Connectivity",Authentication Failure,97573,44,1
ALM-2025-00462,5G NR SA core network experiencing PDU session establishment failures in West. UPF processing latency spiked to 388ms. Affected 95491 IoT devices unable to connect. SMF logs show session binding errors correlated with UPF software defect #SW-10348.,Central,Fiber,P3-Medium,17,Nokia,Restored BGP route advertisements on backhaul routers. Reset SCTP associations to AMF. Implemented route dampening to prevent future flapping. Added monitoring alerts for BGP state changes.,2024-05-23T19:04:31,SMS,Hardware Failure,88497,19,4
ALM-2023-00162,CSFB (Circuit Switched Fallback) failure rate spike in North — 71% failure observed. MSC-S unreachable from 3 eNodeBs due to SS7 link congestion. Voice call setup failure affected 118132 subscribers during peak hours.,South,SD-WAN,P1-Critical,120,Nokia,Re-established PTP synchronization chain using backup grandmaster. Deployed additional GNSS antennas for redundancy. Updated synchronization monitoring dashboards.,2024-05-29T19:22:42,Voice Calls,Sync Loss,23828,233,6
ALM-2024-00340,5G NR SA core network experiencing PDU session establishment failures in Central. UPF processing latency spiked to 54ms. Affected 111325 IoT devices unable to connect. SMF logs show session binding errors correlated with UPF software defect #SW-42958.,East,4G-LTE,P3-Medium,55,Huawei,Re-established PTP synchronization chain using backup grandmaster. Deployed additional GNSS antennas for redundancy. Updated synchronization monitoring dashboards.,2024-05-30T05:53:09,"Voice Calls, Enterprise VPN, SMS",Link Down,5688,110,1
ALM-2025-00405,Multiple eNodeBs in North showing S1 interface failure after planned maintenance window. MME connection dropped across 22 sites. Cause: BGP route advertisement error on backhaul routers. Subscribers experiencing call drops and data session timeouts in the affected area.,East,4G-LTE,P2-High,132,Cisco,Re-established PTP synchronization chain using backup grandmaster. Deployed additional GNSS antennas for redundancy. Updated synchronization monitoring dashboards.,2024-05-31T16:46:52,"SMS, Emergency Services, IoT Connectivity",Power Failure,64219,319,4
ALM-2023-00052,CU-DU functional split failure on 29 distributed 5G nodes in South. F1 interface went down due to transport network IP route withdrawal. Mid-haul link between CU and DU lost for 83 minutes causing complete service disruption.,North,SD-WAN,P3-Medium,92,Cisco,Replaced failed hardware component. Ran comprehensive diagnostic tests post-replacement. Updated preventive maintenance schedule and raised spare parts inventory threshold.,2024-06-02T00:00:13,Video Streaming,Link Down,99064,272,0
ALM-2024-00338,GNSS antenna failure on East primary timing reference. Backup BITS/SSU clock source activated. Stratum level degraded from 1 to 3. 32 dependent 5G sites at risk of air interface synchronization failure.,Central,5G-NR,P1-Critical,171,Ericsson,Implemented emergency traffic offload through carrier WiFi and small cell densification. Activated additional spectrum through dynamic frequency assignment. Permanent capacity upgrade planned.,2024-06-04T05:34:39,"Roaming Services, Enterprise VPN",Config Error,157717,460,0
ALM-2023-00084,MPLS LDP session flap on core router in West causing traffic blackhole for 386 minutes. 23 L3VPN tunnels re-converging after IGP topology change. BGP prefix withdrawal storm affected enterprise customers during reconvergence.,South,5G-NR,P1-Critical,160,Cisco,Restored fiber cut using emergency splice. Reconfigured DWDM parameters. Implemented enhanced physical layer monitoring with OTDR alerts. SLA credit issued to affected customers.,2024-06-05T19:37:53,"Voice Calls, IoT Connectivity, Enterprise VPN",Authentication Failure,10601,223,5
ALM-2025-00481,X2 handover failures between East eNodeBs and neighboring cluster. Inter-eNB handover success rate dropped to 67%. Ping-pong handover storms observed. SON algorithm override required to stabilize mobility parameters.,South,3G-UMTS,P4-Low,29,Nokia,Rolled back firmware to previous stable version 19.Q1. Reconfigured AMF pool settings per vendor guidelines. Performed progressive site-by-site upgrade with validation checkpoints. Full service restored.,2024-06-06T13:11:03,Enterprise VPN,Hardware Failure,18111,70,3
ALM-2025-00420,X2 handover failures between Central eNodeBs and neighboring cluster. Inter-eNB handover success rate dropped to 46%. Ping-pong handover storms observed. SON algorithm override required to stabilize mobility parameters.,West,5G-NR,P1-Critical,164,Ericsson,Implemented emergency traffic offload through carrier WiFi and small cell densification. Activated additional spectrum through dynamic frequency assignment. Permanent capacity upgrade planned.,2024-06-14T01:02:17,"Data Sessions, IoT Connectivity, Video Streaming",Sync Loss,13077,425,8
ALM-2024-00248,5G NR SA core network experiencing PDU session establishment failures in Central. UPF processing latency spiked to 500ms. Affected 107080 IoT devices unable to connect. SMF logs show session binding errors correlated with UPF software defect #SW-71521.,North,MPLS,P4-Low,23,Juniper,Replaced failed hardware component. Ran comprehensive diagnostic tests post-replacement. Updated preventive maintenance schedule and raised spare parts inventory threshold.,2024-06-14T18:20:44,Enterprise VPN,Capacity Overload,21283,50,6
ALM-2024-00312,5G NR SA core network experiencing PDU session establishment failures in South. UPF processing latency spiked to 114ms. Affected 112943 IoT devices unable to connect. SMF logs show session binding errors correlated with UPF software defect #SW-29949.,West,4G-LTE,P1-Critical,90,Juniper,Implemented emergency traffic offload through carrier WiFi and small cell densification. Activated additional spectrum through dynamic frequency assignment. Permanent capacity upgrade planned.,2024-06-15T09:58:56,"Enterprise VPN, SMS, VoLTE",Hardware Failure,167280,159,6
ALM-2024-00201,BGP route policy misconfiguration in East caused 47K prefixes to be inadvertently withdrawn. Internet traffic blackholed for 478 minutes. Customer escalations: 16908 broadband users reported total connectivity loss.,Central,3G-UMTS,P3-Medium,90,Juniper,Implemented emergency traffic offload through carrier WiFi and small cell densification. Activated additional spectrum through dynamic frequency assignment. Permanent capacity upgrade planned.,2024-06-19T05:13:58,VoLTE,Link Down,55650,241,0
ALM-2025-00486,Segment routing MPLS path computation failure in Central SR-TE domain. PCE-server connectivity lost due to TLS certificate expiry. 41 critical traffic classes losing QoS guarantees. Enterprise SLA breached.,East,MPLS,P3-Medium,57,Juniper,Restored BGP route advertisements on backhaul routers. Reset SCTP associations to AMF. Implemented route dampening to prevent future flapping. Added monitoring alerts for BGP state changes.,2024-06-19T14:39:07,"Roaming Services, Data Sessions, SMS",Transport Failure,9114,115,6
ALM-2023-00125,GNSS antenna failure on East primary timing reference. Backup BITS/SSU clock source activated. Stratum level degraded from 1 to 3. 43 dependent 5G sites at risk of air interface synchronization failure.,East,5G-NR,P1-Critical,105,Ericsson,Applied emergency hotfix patch HF-5825 from vendor. Restarted UPF/SMF network functions. Verified PDU session establishment in staging environment before production rollout.,2024-06-20T11:57:25,"Emergency Services, Video Streaming, Enterprise VPN",Transport Failure,171948,123,2
ALM-2023-00115,Uplink PRB utilization exceeding 90% on 45 cells in North during peak traffic. Scheduler fairness degraded for edge UEs. Average throughput dropped 35%. Emergency capacity expansion through spectrum refarming initiated.,East,4G-LTE,P4-Low,27,Cisco,Executed RF parameter optimization using SON toolset. Adjusted antenna tilt by 15 degrees. Activated neighbor cell load balancing. Service KPIs returned to baseline within 259 minutes.,2024-06-24T23:26:54,"Data Sessions, Emergency Services",Capacity Overload,35880,50,7
ALM-2025-00487,X2 handover failures between North eNodeBs and neighboring cluster. Inter-eNB handover success rate dropped to 73%. Ping-pong handover storms observed. SON algorithm override required to stabilize mobility parameters.,South,4G-LTE,P1-Critical,43,Juniper,Restored BGP route advertisements on backhaul routers. Reset SCTP associations to AMF. Implemented route dampening to prevent future flapping. Added monitoring alerts for BGP state changes.,2024-06-26T23:59:49,"Voice Calls, Data Sessions, Enterprise VPN",Interference,163052,128,3
ALM-2024-00224,Incorrect ACL configuration pushed to 21 Huawei routers in South via automated provisioning. Management plane traffic blocked causing loss of visibility to 21 network elements. Emergency rollback executed via out-of-band console access.,West,3G-UMTS,P3-Medium,13,Cisco,Restored BGP route advertisements on backhaul routers. Reset SCTP associations to AMF. Implemented route dampening to prevent future flapping. Added monitoring alerts for BGP state changes.,2024-06-27T03:31:37,Video Streaming,Sync Loss,1222,36,3
ALM-2024-00222,CU-DU functional split failure on 30 distributed 5G nodes in North. F1 interface went down due to transport network IP route withdrawal. Mid-haul link between CU and DU lost for 185 minutes causing complete service disruption.,South,3G-UMTS,P1-Critical,69,Cisco,Applied emergency hotfix patch HF-3647 from vendor. Restarted UPF/SMF network functions. Verified PDU session establishment in staging environment before production rollout.,2024-06-27T17:04:36,Enterprise VPN,Interference,157922,139,7
ALM-2024-00245,N2/N3 interface congestion between West gNBs and AMF cluster. 15 sites showing SCTP association failures. Emergency handover to 4G-LTE fallback activated. Traffic load balancing misconfiguration identified as probable cause.,South,5G-NR,P1-Critical,85,Juniper,Replaced failed hardware component. Ran comprehensive diagnostic tests post-replacement. Updated preventive maintenance schedule and raised spare parts inventory threshold.,2024-06-29T13:59:16,"Enterprise VPN, Voice Calls, Roaming Services",Transport Failure,173165,242,1
ALM-2025-00468,ISIS adjacency loss between East P-routers after planned IOS-XR upgrade. SPF recalculation loop detected causing micro-burst packet loss. ECMP paths became unequal triggering traffic imbalance across 43 interfaces.,North,4G-LTE,P3-Medium,60,Ericsson,Executed rollback of misconfigured ACL policies via out-of-band management. Implemented pre-deployment validation checks in CI/CD pipeline. Change freeze applied.,2024-07-05T11:06:49,Enterprise VPN,Power Failure,40192,112,0
ALM-2023-00059,5G NR SA core network experiencing PDU session establishment failures in East. UPF processing latency spiked to 417ms. Affected 76737 IoT devices unable to connect. SMF logs show session binding errors correlated with UPF software defect #SW-24835.,West,4G-LTE,P3-Medium,103,Nokia,Restored fiber cut using emergency splice. Reconfigured DWDM parameters. Implemented enhanced physical layer monitoring with OTDR alerts. SLA credit issued to affected customers.,2024-07-16T04:16:19,Roaming Services,Authentication Failure,51064,248,7
ALM-2024-00330,16 gNB nodes in Central region reporting X2 interface failures after firmware upgrade to 21.Q3. UE attach success rate dropped from 98% to 80%. Engineers observed increased RRC connection rejections. Root cause identified as misconfigured AMF pool configuration post-upgrade.,West,5G-NR,P4-Low,42,Nokia,Restored fiber cut using emergency splice. Reconfigured DWDM parameters. Implemented enhanced physical layer monitoring with OTDR alerts. SLA credit issued to affected customers.,2024-07-21T10:55:40,Roaming Services,Power Failure,43098,110,8
ALM-2024-00258,Core network signaling storm from 42 IoT devices in West entering simultaneous TAU cycles. MME/AMF overloaded causing 72% attach rejection rate. Emergency rate limiting applied to prevent total core collapse.,Central,4G-LTE,P2-High,54,Cisco,Implemented emergency traffic offload through carrier WiFi and small cell densification. Activated additional spectrum through dynamic frequency assignment. Permanent capacity upgrade planned.,2024-07-24T03:28:12,Roaming Services,Software Bug,16791,91,6
ALM-2024-00225,Massive MIMO antenna tilt misconfiguration on 15 sector sites in North. SINR degraded by 14 dB causing uplink interference. Capacity reduced by 29% during peak hours. Service degradation reported by enterprise customers using mmWave bands.,Central,4G-LTE,P1-Critical,52,Cisco,Implemented emergency traffic offload through carrier WiFi and small cell densification. Activated additional spectrum through dynamic frequency assignment. Permanent capacity upgrade planned.,2024-07-24T18:01:40,IoT Connectivity,Config Error,47658,123,2
ALM-2023-00043,10 gNB nodes in South region reporting X2 interface failures after firmware upgrade to 18.Q4. UE attach success rate dropped from 98% to 74%. Engineers observed increased RRC connection rejections. Root cause identified as misconfigured AMF pool configuration post-upgrade.,South,5G-NR,P4-Low,44,Juniper,Restored fiber cut using emergency splice. Reconfigured DWDM parameters. Implemented enhanced physical layer monitoring with OTDR alerts. SLA credit issued to affected customers.,2024-07-28T00:51:08,"IoT Connectivity, Roaming Services, Emergency Services",Power Failure,34525,94,6
ALM-2025-00430,LTE carrier aggregation malfunction on Band 3 + Band 7 in East. PDCP layer buffer overflow caused by DRB misconfiguration after software patch HF-2330. 136018 high-value subscribers affected. ARPU impact estimated at $1609K.,North,4G-LTE,P4-Low,45,Juniper,Applied emergency hotfix patch HF-1106 from vendor. Restarted UPF/SMF network functions. Verified PDU session establishment in staging environment before production rollout.,2024-07-28T02:57:03,"Video Streaming, Data Sessions, SMS",Authentication Failure,43590,135,3
ALM-2023-00040,N2/N3 interface congestion between East gNBs and AMF cluster. 23 sites showing SCTP association failures. Emergency handover to 4G-LTE fallback activated. Traffic load balancing misconfiguration identified as probable cause.,West,Fiber,P3-Medium,103,Huawei,Applied emergency hotfix patch HF-1935 from vendor. Restarted UPF/SMF network functions. Verified PDU session establishment in staging environment before production rollout.,2024-07-30T06:02:34,"Roaming Services, Emergency Services, Enterprise VPN",Sync Loss,17995,133,8
ALM-2024-00323,Incorrect ACL configuration pushed to 8 Ericsson routers in East via automated provisioning. Management plane traffic blocked causing loss of visibility to 8 network elements. Emergency rollback executed via out-of-band console access.,South,MPLS,P4-Low,24,Nokia,Executed rollback of misconfigured ACL policies via out-of-band management. Implemented pre-deployment validation checks in CI/CD pipeline. Change freeze applied.,2024-07-30T22:56:53,"Roaming Services, Voice Calls",Hardware Failure,30113,65,4
ALM-2024-00373,5G NR SA core network experiencing PDU session establishment failures in Central. UPF processing latency spiked to 212ms. Affected 92554 IoT devices unable to connect. SMF logs show session binding errors correlated with UPF software defect #SW-39315.,Central,MPLS,P1-Critical,127,Juniper,Restored fiber cut using emergency splice. Reconfigured DWDM parameters. Implemented enhanced physical layer monitoring with OTDR alerts. SLA credit issued to affected customers.,2024-07-31T18:11:36,IoT Connectivity,Interference,157113,334,1
ALM-2024-00300,Incorrect ACL configuration pushed to 11 Cisco routers in North via automated provisioning. Management plane traffic blocked causing loss of visibility to 11 network elements. Emergency rollback executed via out-of-band console access.,West,5G-NR,P2-High,62,Juniper,Restored BGP route advertisements on backhaul routers. Reset SCTP associations to AMF. Implemented route dampening to prevent future flapping. Added monitoring alerts for BGP state changes.,2024-08-13T04:58:00,"SMS, Emergency Services",Hardware Failure,81238,88,4
ALM-2023-00127,LTE PDCP integrity protection mismatch on Nokia eNodeBs after security patch. UE contexts being dropped at RRC reconfiguration phase. 32 cells impacted in North. Hotfix deployment required to restore normal operations.,South,Fiber,P3-Medium,22,Ericsson,Replaced failed hardware component. Ran comprehensive diagnostic tests post-replacement. Updated preventive maintenance schedule and raised spare parts inventory threshold.,2024-08-13T18:39:01,VoLTE,Power Failure,66813,43,1
ALM-2024-00214,5G NR SA core network experiencing PDU session establishment failures in North. UPF processing latency spiked to 135ms. Affected 108189 IoT devices unable to connect. SMF logs show session binding errors correlated with UPF software defect #SW-11396.,North,SD-WAN,P4-Low,24,Cisco,Re-established PTP synchronization chain using backup grandmaster. Deployed additional GNSS antennas for redundancy. Updated synchronization monitoring dashboards.,2024-08-15T15:10:27,Roaming Services,Config Error,670,39,5
ALM-2025-00466,GNSS antenna failure on South primary timing reference. Backup BITS/SSU clock source activated. Stratum level degraded from 1 to 3. 15 dependent 5G sites at risk of air interface synchronization failure.,East,SD-WAN,P2-High,137,Juniper,Restarted affected network function instances. Applied configuration correction. Root cause analysis completed and design fix scheduled for next maintenance window.,2024-08-17T21:16:42,"Emergency Services, VoLTE",Config Error,126009,379,5
ALM-2024-00380,8 gNB nodes in South region reporting X2 interface failures after firmware upgrade to 22.Q2. UE attach success rate dropped from 98% to 66%. Engineers observed increased RRC connection rejections. Root cause identified as misconfigured AMF pool configuration post-upgrade.,North,SD-WAN,P3-Medium,105,Nokia,Implemented emergency traffic offload through carrier WiFi and small cell densification. Activated additional spectrum through dynamic frequency assignment. Permanent capacity upgrade planned.,2024-08-20T16:31:57,"Data Sessions, Video Streaming",Software Bug,43517,241,2
ALM-2025-00492,Fiber cut on backbone ring between Central hub and metro aggregation node. APS (Automatic Protection Switching) triggered but secondary path showing 427ms additional latency. 17 enterprise circuits and 38599 mobile subscribers affected on dependent transport.,North,MPLS,P4-Low,46,Huawei,Executed RF parameter optimization using SON toolset. Adjusted antenna tilt by 2 degrees. Activated neighbor cell load balancing. Service KPIs returned to baseline within 101 minutes.,2024-08-21T08:16:30,"Voice Calls, Enterprise VPN",Capacity Overload,40286,112,4
ALM-2023-00123,LTE PDCP integrity protection mismatch on Nokia eNodeBs after security patch. UE contexts being dropped at RRC reconfiguration phase. 3 cells impacted in West. Hotfix deployment required to restore normal operations.,South,SD-WAN,P4-Low,50,Ericsson,Re-established PTP synchronization chain using backup grandmaster. Deployed additional GNSS antennas for redundancy. Updated synchronization monitoring dashboards.,2024-08-22T16:52:40,"SMS, Voice Calls",Capacity Overload,44929,51,2
ALM-2024-00363,X2 handover failures between North eNodeBs and neighboring cluster. Inter-eNB handover success rate dropped to 50%. Ping-pong handover storms observed. SON algorithm override required to stabilize mobility parameters.,West,MPLS,P3-Medium,107,Ericsson,Rolled back firmware to previous stable version 21.Q1. Reconfigured AMF pool settings per vendor guidelines. Performed progressive site-by-site upgrade with validation checkpoints. Full service restored.,2024-08-23T10:53:10,Emergency Services,Transport Failure,73893,286,8
ALM-2024-00203,Line card failure on Cisco core router in North data center. Module 10/1 ejected due to ASIC thermal runaway at 116°C. Traffic failover to redundant linecard triggered 465ms packet loss event.,Central,SD-WAN,P1-Critical,22,Juniper,Implemented emergency traffic offload through carrier WiFi and small cell densification. Activated additional spectrum through dynamic frequency assignment. Permanent capacity upgrade planned.,2024-08-24T22:14:47,"Roaming Services, VoLTE",Interference,13586,54,4
ALM-2023-00010,Multiple eNodeBs in South showing S1 interface failure after planned maintenance window. MME connection dropped across 7 sites. Cause: BGP route advertisement error on backhaul routers. Subscribers experiencing call drops and data session timeouts in the affected area.,East,SD-WAN,P4-Low,41,Juniper,Re-established PTP synchronization chain using backup grandmaster. Deployed additional GNSS antennas for redundancy. Updated synchronization monitoring dashboards.,2024-08-26T03:30:12,Emergency Services,Software Bug,24539,119,8
ALM-2023-00076,Battery backup degradation on 38 East BTS sites. Float charge voltage below threshold causing premature cutoff during grid outage. Preventive maintenance schedule requires immediate overhaul of UPS systems.,Central,5G-NR,P2-High,127,Cisco,Replaced failed hardware component. Ran comprehensive diagnostic tests post-replacement. Updated preventive maintenance schedule and raised spare parts inventory threshold.,2024-08-28T03:10:08,"VoLTE, Roaming Services",Sync Loss,43094,347,6
ALM-2024-00231,Uplink PRB utilization exceeding 90% on 4 cells in West during peak traffic. Scheduler fairness degraded for edge UEs. Average throughput dropped 49%. Emergency capacity expansion through spectrum refarming initiated.,North,5G-NR,P3-Medium,78,Nokia,Restored BGP route advertisements on backhaul routers. Reset SCTP associations to AMF. Implemented route dampening to prevent future flapping. Added monitoring alerts for BGP state changes.,2024-08-28T08:28:36,"Voice Calls, Data Sessions",Hardware Failure,2547,230,8
ALM-2024-00276,Fiber cut on backbone ring between South hub and metro aggregation node. APS (Automatic Protection Switching) triggered but secondary path showing 343ms additional latency. 15 enterprise circuits and 77666 mobile subscribers affected on dependent transport.,South,5G-NR,P1-Critical,30,Nokia,Restarted affected network function instances. Applied configuration correction. Root cause analysis completed and design fix scheduled for next maintenance window.,2024-08-28T14:22:21,"VoLTE, Roaming Services",Power Failure,141593,51,8
ALM-2024-00362,Multiple eNodeBs in East showing S1 interface failure after planned maintenance window. MME connection dropped across 42 sites. Cause: BGP route advertisement error on backhaul routers. Subscribers experiencing call drops and data session timeouts in the affected area.,Central,MPLS,P2-High,81,Huawei,Restored fiber cut using emergency splice. Reconfigured DWDM parameters. Implemented enhanced physical layer monitoring with OTDR alerts. SLA credit issued to affected customers.,2024-08-31T23:33:59,"Voice Calls, Video Streaming",Sync Loss,97693,87,0
ALM-2023-00191,MPLS LDP session flap on core router in South causing traffic blackhole for 479 minutes. 5 L3VPN tunnels re-converging after IGP topology change. BGP prefix withdrawal storm affected enterprise customers during reconvergence.,South,SD-WAN,P4-Low,53,Huawei,Restored BGP route advertisements on backhaul routers. Reset SCTP associations to AMF. Implemented route dampening to prevent future flapping. Added monitoring alerts for BGP state changes.,2024-09-04T09:03:57,Voice Calls,Hardware Failure,10118,101,0
ALM-2024-00359,Uplink PRB utilization exceeding 90% on 30 cells in South during peak traffic. Scheduler fairness degraded for edge UEs. Average throughput dropped 59%. Emergency capacity expansion through spectrum refarming initiated.,East,3G-UMTS,P2-High,23,Huawei,Executed RF parameter optimization using SON toolset. Adjusted antenna tilt by 2 degrees. Activated neighbor cell load balancing. Service KPIs returned to baseline within 239 minutes.,2024-09-05T20:16:50,"VoLTE, Data Sessions, Roaming Services",Transport Failure,127166,60,2
ALM-2025-00472,Core network signaling storm from 37 IoT devices in East entering simultaneous TAU cycles. MME/AMF overloaded causing 49% attach rejection rate. Emergency rate limiting applied to prevent total core collapse.,South,MPLS,P4-Low,23,Juniper,Implemented emergency traffic offload through carrier WiFi and small cell densification. Activated additional spectrum through dynamic frequency assignment. Permanent capacity upgrade planned.,2024-09-07T03:36:24,"Voice Calls, Emergency Services",Authentication Failure,13991,43,7
ALM-2025-00416,Massive MIMO antenna tilt misconfiguration on 17 sector sites in West. SINR degraded by 12 dB causing uplink interference. Capacity reduced by 56% during peak hours. Service degradation reported by enterprise customers using mmWave bands.,North,3G-UMTS,P1-Critical,143,Juniper,Executed rollback of misconfigured ACL policies via out-of-band management. Implemented pre-deployment validation checks in CI/CD pipeline. Change freeze applied.,2024-09-17T21:50:53,Emergency Services,Hardware Failure,179850,203,8
ALM-2024-00320,LTE PDCP integrity protection mismatch on Huawei eNodeBs after security patch. UE contexts being dropped at RRC reconfiguration phase. 40 cells impacted in South. Hotfix deployment required to restore normal operations.,East,4G-LTE,P4-Low,11,Ericsson,Re-established PTP synchronization chain using backup grandmaster. Deployed additional GNSS antennas for redundancy. Updated synchronization monitoring dashboards.,2024-09-19T04:06:33,Roaming Services,Config Error,5322,28,5
ALM-2024-00327,BGP route policy misconfiguration in West caused 25K prefixes to be inadvertently withdrawn. Internet traffic blackholed for 174 minutes. Customer escalations: 36608 broadband users reported total connectivity loss.,South,3G-UMTS,P1-Critical,151,Nokia,Rolled back firmware to previous stable version 21.Q1. Reconfigured AMF pool settings per vendor guidelines. Performed progressive site-by-site upgrade with validation checkpoints. Full service restored.,2024-09-22T11:23:43,"Roaming Services, VoLTE",Hardware Failure,97297,304,2
ALM-2023-00022,DWDM wavelength drift detected on South fiber span kilometer 46. OSNR degraded below threshold causing FEC errors to spike. Amplifier gain tilt compensation adjusted but optical power margin remains critically low.,North,MPLS,P4-Low,21,Cisco,Restored fiber cut using emergency splice. Reconfigured DWDM parameters. Implemented enhanced physical layer monitoring with OTDR alerts. SLA credit issued to affected customers.,2024-09-22T19:14:22,"SMS, IoT Connectivity, Video Streaming",Authentication Failure,37093,53,0
ALM-2023-00105,Submarine cable EDFA failure causing signal degradation on Central international link. Capacity reduced from 318Gbps to 21Gbps. Traffic rerouted via alternate cable system with 78ms additional round-trip delay.,Central,4G-LTE,P4-Low,9,Nokia,Rolled back firmware to previous stable version 23.Q3. Reconfigured AMF pool settings per vendor guidelines. Performed progressive site-by-site upgrade with validation checkpoints. Full service restored.,2024-10-01T13:24:38,"SMS, Video Streaming",Sync Loss,44725,11,2
ALM-2024-00393,LTE PDCP integrity protection mismatch on Cisco eNodeBs after security patch. UE contexts being dropped at RRC reconfiguration phase. 5 cells impacted in West. Hotfix deployment required to restore normal operations.,Central,4G-LTE,P4-Low,50,Huawei,Restored BGP route advertisements on backhaul routers. Reset SCTP associations to AMF. Implemented route dampening to prevent future flapping. Added monitoring alerts for BGP state changes.,2024-10-02T14:30:22,Video Streaming,Interference,12917,54,1
ALM-2023-00085,Battery backup degradation on 8 Central BTS sites. Float charge voltage below threshold causing premature cutoff during grid outage. Preventive maintenance schedule requires immediate overhaul of UPS systems.,South,3G-UMTS,P4-Low,58,Ericsson,Implemented emergency traffic offload through carrier WiFi and small cell densification. Activated additional spectrum through dynamic frequency assignment. Permanent capacity upgrade planned.,2024-10-05T01:30:32,"Video Streaming, SMS",Config Error,19195,150,4
ALM-2024-00211,MPLS LDP session flap on core router in South causing traffic blackhole for 351 minutes. 26 L3VPN tunnels re-converging after IGP topology change. BGP prefix withdrawal storm affected enterprise customers during reconvergence.,East,3G-UMTS,P2-High,87,Cisco,Replaced failed hardware component. Ran comprehensive diagnostic tests post-replacement. Updated preventive maintenance schedule and raised spare parts inventory threshold.,2024-10-08T19:18:59,"Data Sessions, Video Streaming",Transport Failure,122676,95,3
ALM-2023-00179,32 gNB nodes in East region reporting X2 interface failures after firmware upgrade to 21.Q3. UE attach success rate dropped from 98% to 60%. Engineers observed increased RRC connection rejections. Root cause identified as misconfigured AMF pool configuration post-upgrade.,Central,MPLS,P1-Critical,55,Cisco,Executed rollback of misconfigured ACL policies via out-of-band management. Implemented pre-deployment validation checks in CI/CD pipeline. Change freeze applied.,2024-10-10T09:05:59,"SMS, Voice Calls, IoT Connectivity",Software Bug,92248,112,2
ALM-2024-00267,39 gNB nodes in South region reporting X2 interface failures after firmware upgrade to 22.Q3. UE attach success rate dropped from 98% to 51%. Engineers observed increased RRC connection rejections. Root cause identified as misconfigured AMF pool configuration post-upgrade.,South,SD-WAN,P1-Critical,195,Ericsson,Restored fiber cut using emergency splice. Reconfigured DWDM parameters. Implemented enhanced physical layer monitoring with OTDR alerts. SLA credit issued to affected customers.,2024-10-12T17:26:55,"IoT Connectivity, Data Sessions",Sync Loss,128665,410,8
ALM-2024-00272,Battery backup degradation on 42 West BTS sites. Float charge voltage below threshold causing premature cutoff during grid outage. Preventive maintenance schedule requires immediate overhaul of UPS systems.,Central,4G-LTE,P1-Critical,62,Cisco,Restored fiber cut using emergency splice. Reconfigured DWDM parameters. Implemented enhanced physical layer monitoring with OTDR alerts. SLA credit issued to affected customers.,2024-10-13T08:22:15,VoLTE,Link Down,198126,149,4
ALM-2023-00169,PTP/IEEE-1588 grandmaster clock failure in West synchronization hierarchy. Holdover mode activated on 15 slave clocks. Phase error accumulating at 56 ns/s. 5G NR TDD frame alignment at risk after 382 minutes without reference.,West,MPLS,P4-Low,28,Cisco,Implemented emergency traffic offload through carrier WiFi and small cell densification. Activated additional spectrum through dynamic frequency assignment. Permanent capacity upgrade planned.,2024-10-18T17:27:23,"Data Sessions, Roaming Services",Link Down,21708,55,1
ALM-2024-00349,BGP route policy misconfiguration in West caused 46K prefixes to be inadvertently withdrawn. Internet traffic blackholed for 68 minutes. Customer escalations: 106909 broadband users reported total connectivity loss.,East,5G-NR,P2-High,49,Nokia,Implemented emergency traffic offload through carrier WiFi and small cell densification. Activated additional spectrum through dynamic frequency assignment. Permanent capacity upgrade planned.,2024-10-20T06:26:28,"Emergency Services, Video Streaming",Transport Failure,76522,77,6
ALM-2024-00314,LTE PDCP integrity protection mismatch on Ericsson eNodeBs after security patch. UE contexts being dropped at RRC reconfiguration phase. 13 cells impacted in South. Hotfix deployment required to restore normal operations.,Central,5G-NR,P1-Critical,211,Juniper,Re-established PTP synchronization chain using backup grandmaster. Deployed additional GNSS antennas for redundancy. Updated synchronization monitoring dashboards.,2024-10-21T01:59:19,Video Streaming,Sync Loss,18822,570,0
ALM-2025-00412,Uplink PRB utilization exceeding 90% on 24 cells in East during peak traffic. Scheduler fairness degraded for edge UEs. Average throughput dropped 28%. Emergency capacity expansion through spectrum refarming initiated.,West,SD-WAN,P3-Medium,111,Cisco,Executed rollback of misconfigured ACL policies via out-of-band management. Implemented pre-deployment validation checks in CI/CD pipeline. Change freeze applied.,2024-10-21T17:42:11,"Roaming Services, Voice Calls",Hardware Failure,99204,240,6
ALM-2024-00226,Power supply unit failure in South outdoor macro cell cabinet. Generator backup activated but fuel exhaustion after 424 hours caused site blackout. 17 collocated operators affected. TSSR dispatched for emergency repair.,West,MPLS,P3-Medium,54,Cisco,Applied emergency hotfix patch HF-2435 from vendor. Restarted UPF/SMF network functions. Verified PDU session establishment in staging environment before production rollout.,2024-10-22T20:28:48,"Roaming Services, Voice Calls, Emergency Services",Sync Loss,63343,81,0
ALM-2023-00160,Segment routing MPLS path computation failure in North SR-TE domain. PCE-server connectivity lost due to TLS certificate expiry. 47 critical traffic classes losing QoS guarantees. Enterprise SLA breached.,East,4G-LTE,P2-High,38,Huawei,Replaced failed hardware component. Ran comprehensive diagnostic tests post-replacement. Updated preventive maintenance schedule and raised spare parts inventory threshold.,2024-10-24T03:12:03,"Enterprise VPN, Video Streaming",Transport Failure,32462,61,5
ALM-2023-00185,CU-DU functional split failure on 31 distributed 5G nodes in West. F1 interface went down due to transport network IP route withdrawal. Mid-haul link between CU and DU lost for 448 minutes causing complete service disruption.,Central,MPLS,P2-High,140,Nokia,Applied emergency hotfix patch HF-7946 from vendor. Restarted UPF/SMF network functions. Verified PDU session establishment in staging environment before production rollout.,2024-10-26T01:42:31,Video Streaming,Capacity Overload,37682,246,8
ALM-2024-00325,Battery backup degradation on 32 East BTS sites. Float charge voltage below threshold causing premature cutoff during grid outage. Preventive maintenance schedule requires immediate overhaul of UPS systems.,South,Fiber,P4-Low,44,Ericsson,Re-established PTP synchronization chain using backup grandmaster. Deployed additional GNSS antennas for redundancy. Updated synchronization monitoring dashboards.,2024-10-26T10:16:32,"Video Streaming, Emergency Services, Voice Calls",Transport Failure,34607,58,4
ALM-2023-00193,PTP/IEEE-1588 grandmaster clock failure in East synchronization hierarchy. Holdover mode activated on 38 slave clocks. Phase error accumulating at 67 ns/s. 5G NR TDD frame alignment at risk after 32 minutes without reference.,South,MPLS,P2-High,55,Juniper,Restored BGP route advertisements on backhaul routers. Reset SCTP associations to AMF. Implemented route dampening to prevent future flapping. Added monitoring alerts for BGP state changes.,2024-10-30T02:07:15,Video Streaming,Config Error,46000,67,1
ALM-2025-00457,CU-DU functional split failure on 7 distributed 5G nodes in North. F1 interface went down due to transport network IP route withdrawal. Mid-haul link between CU and DU lost for 403 minutes causing complete service disruption.,South,SD-WAN,P3-Medium,67,Nokia,Executed rollback of misconfigured ACL policies via out-of-band management. Implemented pre-deployment validation checks in CI/CD pipeline. Change freeze applied.,2024-10-31T18:17:27,"Voice Calls, Roaming Services",Config Error,68696,181,8
ALM-2024-00210,Incorrect ACL configuration pushed to 42 Cisco routers in East via automated provisioning. Management plane traffic blocked causing loss of visibility to 42 network elements. Emergency rollback executed via out-of-band console access.,West,MPLS,P2-High,30,Nokia,Replaced failed hardware component. Ran comprehensive diagnostic tests post-replacement. Updated preventive maintenance schedule and raised spare parts inventory threshold.,2024-10-31T19:44:45,"Enterprise VPN, Voice Calls, Roaming Services",Power Failure,11909,32,6
ALM-2023-00049,CSFB (Circuit Switched Fallback) failure rate spike in South — 73% failure observed. MSC-S unreachable from 21 eNodeBs due to SS7 link congestion. Voice call setup failure affected 134823 subscribers during peak hours.,North,3G-UMTS,P4-Low,44,Cisco,Re-established PTP synchronization chain using backup grandmaster. Deployed additional GNSS antennas for redundancy. Updated synchronization monitoring dashboards.,2024-11-01T03:03:06,"Enterprise VPN, IoT Connectivity, SMS",Sync Loss,41445,124,5
ALM-2024-00303,MPLS LDP session flap on core router in East causing traffic blackhole for 132 minutes. 13 L3VPN tunnels re-converging after IGP topology change. BGP prefix withdrawal storm affected enterprise customers during reconvergence.,West,MPLS,P2-High,113,Cisco,Restarted affected network function instances. Applied configuration correction. Root cause analysis completed and design fix scheduled for next maintenance window.,2024-11-02T02:38:40,VoLTE,Capacity Overload,29628,310,5
ALM-2023-00113,MPLS LDP session flap on core router in Central causing traffic blackhole for 198 minutes. 50 L3VPN tunnels re-converging after IGP topology change. BGP prefix withdrawal storm affected enterprise customers during reconvergence.,South,MPLS,P3-Medium,113,Juniper,Rolled back firmware to previous stable version 19.Q4. Reconfigured AMF pool settings per vendor guidelines. Performed progressive site-by-site upgrade with validation checkpoints. Full service restored.,2024-11-04T08:12:39,"Data Sessions, VoLTE, SMS",Authentication Failure,52524,299,4
ALM-2025-00419,PTP/IEEE-1588 grandmaster clock failure in West synchronization hierarchy. Holdover mode activated on 48 slave clocks. Phase error accumulating at 45 ns/s. 5G NR TDD frame alignment at risk after 378 minutes without reference.,Central,SD-WAN,P3-Medium,63,Nokia,Executed rollback of misconfigured ACL policies via out-of-band management. Implemented pre-deployment validation checks in CI/CD pipeline. Change freeze applied.,2024-11-05T05:39:59,"IoT Connectivity, Data Sessions",Capacity Overload,21343,172,5
ALM-2024-00286,LTE carrier aggregation malfunction on Band 3 + Band 7 in West. PDCP layer buffer overflow caused by DRB misconfiguration after software patch HF-8240. 103975 high-value subscribers affected. ARPU impact estimated at $106K.,North,3G-UMTS,P3-Medium,13,Cisco,Restored BGP route advertisements on backhaul routers. Reset SCTP associations to AMF. Implemented route dampening to prevent future flapping. Added monitoring alerts for BGP state changes.,2024-11-07T22:25:56,"Data Sessions, VoLTE",Link Down,96203,16,4
ALM-2024-00384,N2/N3 interface congestion between Central gNBs and AMF cluster. 43 sites showing SCTP association failures. Emergency handover to 4G-LTE fallback activated. Traffic load balancing misconfiguration identified as probable cause.,North,Fiber,P2-High,45,Juniper,Replaced failed hardware component. Ran comprehensive diagnostic tests post-replacement. Updated preventive maintenance schedule and raised spare parts inventory threshold.,2024-11-12T02:20:09,"IoT Connectivity, VoLTE",Transport Failure,84026,89,3
ALM-2023-00044,CSFB (Circuit Switched Fallback) failure rate spike in North — 64% failure observed. MSC-S unreachable from 28 eNodeBs due to SS7 link congestion. Voice call setup failure affected 100085 subscribers during peak hours.,Central,5G-NR,P3-Medium,98,Cisco,Rolled back firmware to previous stable version 20.Q3. Reconfigured AMF pool settings per vendor guidelines. Performed progressive site-by-site upgrade with validation checkpoints. Full service restored.,2024-11-12T06:08:22,"IoT Connectivity, SMS",Software Bug,65337,101,8
ALM-2024-00232,Submarine cable EDFA failure causing signal degradation on South international link. Capacity reduced from 141Gbps to 64Gbps. Traffic rerouted via alternate cable system with 475ms additional round-trip delay.,East,4G-LTE,P3-Medium,13,Cisco,Restored fiber cut using emergency splice. Reconfigured DWDM parameters. Implemented enhanced physical layer monitoring with OTDR alerts. SLA credit issued to affected customers.,2024-11-19T12:33:12,"Video Streaming, VoLTE",Authentication Failure,29941,35,7
ALM-2023-00186,Battery backup degradation on 47 Central BTS sites. Float charge voltage below threshold causing premature cutoff during grid outage. Preventive maintenance schedule requires immediate overhaul of UPS systems.,South,Fiber,P2-High,114,Ericsson,Executed RF parameter optimization using SON toolset. Adjusted antenna tilt by 6 degrees. Activated neighbor cell load balancing. Service KPIs returned to baseline within 197 minutes.,2024-11-22T00:58:19,"Voice Calls, Emergency Services, IoT Connectivity",Software Bug,59715,184,7
ALM-2024-00252,N2/N3 interface congestion between East gNBs and AMF cluster. 12 sites showing SCTP association failures. Emergency handover to 4G-LTE fallback activated. Traffic load balancing misconfiguration identified as probable cause.,Central,4G-LTE,P4-Low,6,Huawei,Replaced failed hardware component. Ran comprehensive diagnostic tests post-replacement. Updated preventive maintenance schedule and raised spare parts inventory threshold.,2024-11-22T06:18:00,"Voice Calls, Data Sessions",Link Down,40399,14,1
ALM-2023-00192,Line card failure on Cisco core router in West data center. Module 8/2 ejected due to ASIC thermal runaway at 98°C. Traffic failover to redundant linecard triggered 214ms packet loss event.,East,Fiber,P1-Critical,73,Cisco,Restarted affected network function instances. Applied configuration correction. Root cause analysis completed and design fix scheduled for next maintenance window.,2024-11-24T20:13:51,"IoT Connectivity, Data Sessions",Link Down,89328,215,3
ALM-2024-00381,Incorrect ACL configuration pushed to 22 Ericsson routers in South via automated provisioning. Management plane traffic blocked causing loss of visibility to 22 network elements. Emergency rollback executed via out-of-band console access.,North,Fiber,P4-Low,41,Nokia,Re-established PTP synchronization chain using backup grandmaster. Deployed additional GNSS antennas for redundancy. Updated synchronization monitoring dashboards.,2024-11-25T00:53:24,Roaming Services,Power Failure,45872,77,0
ALM-2024-00213,Massive MIMO antenna tilt misconfiguration on 2 sector sites in West. SINR degraded by 6 dB causing uplink interference. Capacity reduced by 53% during peak hours. Service degradation reported by enterprise customers using mmWave bands.,West,SD-WAN,P1-Critical,128,Nokia,Re-established PTP synchronization chain using backup grandmaster. Deployed additional GNSS antennas for redundancy. Updated synchronization monitoring dashboards.,2024-11-25T08:36:51,Video Streaming,Link Down,53542,320,3
ALM-2025-00406,46 gNB nodes in Central region reporting X2 interface failures after firmware upgrade to 19.Q3. UE attach success rate dropped from 98% to 66%. Engineers observed increased RRC connection rejections. Root cause identified as misconfigured AMF pool configuration post-upgrade.,West,4G-LTE,P1-Critical,233,Nokia,Rolled back firmware to previous stable version 23.Q3. Reconfigured AMF pool settings per vendor guidelines. Performed progressive site-by-site upgrade with validation checkpoints. Full service restored.,2024-11-28T06:03:24,"Emergency Services, Roaming Services",Interference,92915,574,3
ALM-2024-00376,ISIS adjacency loss between Central P-routers after planned IOS-XR upgrade. SPF recalculation loop detected causing micro-burst packet loss. ECMP paths became unequal triggering traffic imbalance across 19 interfaces.,Central,SD-WAN,P1-Critical,168,Huawei,Replaced failed hardware component. Ran comprehensive diagnostic tests post-replacement. Updated preventive maintenance schedule and raised spare parts inventory threshold.,2024-11-30T03:44:13,Voice Calls,Transport Failure,136143,182,6
ALM-2023-00061,Uplink PRB utilization exceeding 90% on 34 cells in East during peak traffic. Scheduler fairness degraded for edge UEs. Average throughput dropped 36%. Emergency capacity expansion through spectrum refarming initiated.,East,5G-NR,P1-Critical,99,Huawei,Restored fiber cut using emergency splice. Reconfigured DWDM parameters. Implemented enhanced physical layer monitoring with OTDR alerts. SLA credit issued to affected customers.,2024-12-03T08:56:25,"Video Streaming, SMS",Power Failure,42842,184,2
ALM-2025-00410,Battery backup degradation on 47 West BTS sites. Float charge voltage below threshold causing premature cutoff during grid outage. Preventive maintenance schedule requires immediate overhaul of UPS systems.,North,5G-NR,P3-Medium,74,Nokia,Replaced failed hardware component. Ran comprehensive diagnostic tests post-replacement. Updated preventive maintenance schedule and raised spare parts inventory threshold.,2024-12-03T16:30:14,Roaming Services,Power Failure,86376,126,5
ALM-2024-00347,ISIS adjacency loss between Central P-routers after planned IOS-XR upgrade. SPF recalculation loop detected causing micro-burst packet loss. ECMP paths became unequal triggering traffic imbalance across 39 interfaces.,South,3G-UMTS,P1-Critical,100,Huawei,Restarted affected network function instances. Applied configuration correction. Root cause analysis completed and design fix scheduled for next maintenance window.,2024-12-04T13:00:18,Enterprise VPN,Sync Loss,129854,298,3
ALM-2023-00087,N2/N3 interface congestion between West gNBs and AMF cluster. 41 sites showing SCTP association failures. Emergency handover to 4G-LTE fallback activated. Traffic load balancing misconfiguration identified as probable cause.,West,5G-NR,P2-High,55,Cisco,Executed RF parameter optimization using SON toolset. Adjusted antenna tilt by 8 degrees. Activated neighbor cell load balancing. Service KPIs returned to baseline within 94 minutes.,2024-12-04T22:53:33,"SMS, IoT Connectivity",Power Failure,122497,79,1
ALM-2023-00190,Submarine cable EDFA failure causing signal degradation on North international link. Capacity reduced from 156Gbps to 54Gbps. Traffic rerouted via alternate cable system with 433ms additional round-trip delay.,South,MPLS,P3-Medium,119,Juniper,Implemented emergency traffic offload through carrier WiFi and small cell densification. Activated additional spectrum through dynamic frequency assignment. Permanent capacity upgrade planned.,2024-12-08T19:50:34,"Voice Calls, SMS",Transport Failure,32951,163,1
ALM-2023-00159,5G NR SA core network experiencing PDU session establishment failures in West. UPF processing latency spiked to 458ms. Affected 87515 IoT devices unable to connect. SMF logs show session binding errors correlated with UPF software defect #SW-42761.,South,SD-WAN,P4-Low,28,Huawei,Rolled back firmware to previous stable version 22.Q4. Reconfigured AMF pool settings per vendor guidelines. Performed progressive site-by-site upgrade with validation checkpoints. Full service restored.,2024-12-09T13:29:29,"VoLTE, Enterprise VPN, IoT Connectivity",Config Error,23612,72,4
ALM-2023-00025,CU-DU functional split failure on 41 distributed 5G nodes in South. F1 interface went down due to transport network IP route withdrawal. Mid-haul link between CU and DU lost for 84 minutes causing complete service disruption.,Central,4G-LTE,P2-High,91,Cisco,Restarted affected network function instances. Applied configuration correction. Root cause analysis completed and design fix scheduled for next maintenance window.,2024-12-11T18:45:21,"Data Sessions, SMS",Link Down,120566,172,2
ALM-2025-00489,Battery backup degradation on 22 East BTS sites. Float charge voltage below threshold causing premature cutoff during grid outage. Preventive maintenance schedule requires immediate overhaul of UPS systems.,South,5G-NR,P2-High,145,Huawei,Re-established PTP synchronization chain using backup grandmaster. Deployed additional GNSS antennas for redundancy. Updated synchronization monitoring dashboards.,2024-12-12T06:41:58,"Video Streaming, Voice Calls, VoLTE",Power Failure,51980,323,8
ALM-2025-00423,PTP/IEEE-1588 grandmaster clock failure in East synchronization hierarchy. Holdover mode activated on 42 slave clocks. Phase error accumulating at 66 ns/s. 5G NR TDD frame alignment at risk after 122 minutes without reference.,Central,4G-LTE,P4-Low,55,Cisco,Executed rollback of misconfigured ACL policies via out-of-band management. Implemented pre-deployment validation checks in CI/CD pipeline. Change freeze applied.,2024-12-12T17:19:01,"IoT Connectivity, Video Streaming, Enterprise VPN",Power Failure,45071,61,0
ALM-2024-00277,Submarine cable EDFA failure causing signal degradation on West international link. Capacity reduced from 250Gbps to 20Gbps. Traffic rerouted via alternate cable system with 200ms additional round-trip delay.,South,3G-UMTS,P4-Low,53,Ericsson,Implemented emergency traffic offload through carrier WiFi and small cell densification. Activated additional spectrum through dynamic frequency assignment. Permanent capacity upgrade planned.,2024-12-17T14:08:28,Roaming Services,Interference,2604,68,0
ALM-2024-00265,CU-DU functional split failure on 37 distributed 5G nodes in South. F1 interface went down due to transport network IP route withdrawal. Mid-haul link between CU and DU lost for 362 minutes causing complete service disruption.,East,MPLS,P3-Medium,67,Ericsson,Applied emergency hotfix patch HF-6376 from vendor. Restarted UPF/SMF network functions. Verified PDU session establishment in staging environment before production rollout.,2024-12-18T19:25:38,Video Streaming,Config Error,90936,103,5
ALM-2024-00297,DWDM wavelength drift detected on Central fiber span kilometer 236. OSNR degraded below threshold causing FEC errors to spike. Amplifier gain tilt compensation adjusted but optical power margin remains critically low.,South,4G-LTE,P1-Critical,33,Cisco,Executed rollback of misconfigured ACL policies via out-of-band management. Implemented pre-deployment validation checks in CI/CD pipeline. Change freeze applied.,2024-12-20T02:55:45,"Voice Calls, Data Sessions",Config Error,185867,94,0
ALM-2023-00177,Fiber cut on backbone ring between North hub and metro aggregation node. APS (Automatic Protection Switching) triggered but secondary path showing 347ms additional latency. 3 enterprise circuits and 112249 mobile subscribers affected on dependent transport.,West,3G-UMTS,P4-Low,21,Cisco,Replaced failed hardware component. Ran comprehensive diagnostic tests post-replacement. Updated preventive maintenance schedule and raised spare parts inventory threshold.,2024-12-25T03:50:59,"SMS, Voice Calls",Capacity Overload,49916,51,1
ALM-2025-00474,Multiple eNodeBs in West showing S1 interface failure after planned maintenance window. MME connection dropped across 39 sites. Cause: BGP route advertisement error on backhaul routers. Subscribers experiencing call drops and data session timeouts in the affected area.,Central,4G-LTE,P1-Critical,144,Ericsson,Executed rollback of misconfigured ACL policies via out-of-band management. Implemented pre-deployment validation checks in CI/CD pipeline. Change freeze applied.,2024-12-27T18:20:33,SMS,Sync Loss,67114,398,5
ALM-2024-00205,CU-DU functional split failure on 23 distributed 5G nodes in South. F1 interface went down due to transport network IP route withdrawal. Mid-haul link between CU and DU lost for 185 minutes causing complete service disruption.,South,4G-LTE,P3-Medium,118,Ericsson,Implemented emergency traffic offload through carrier WiFi and small cell densification. Activated additional spectrum through dynamic frequency assignment. Permanent capacity upgrade planned.,2024-12-30T13:28:18,"Roaming Services, Data Sessions, Enterprise VPN",Hardware Failure,81406,120,4
ALM-2024-00397,Massive MIMO antenna tilt misconfiguration on 5 sector sites in West. SINR degraded by 3 dB causing uplink interference. Capacity reduced by 33% during peak hours. Service degradation reported by enterprise customers using mmWave bands.,North,Fiber,P4-Low,5,Juniper,Implemented emergency traffic offload through carrier WiFi and small cell densification. Activated additional spectrum through dynamic frequency assignment. Permanent capacity upgrade planned.,2025-01-07T07:30:42,"Data Sessions, SMS, Enterprise VPN",Transport Failure,8371,5,4
ALM-2024-00366,Power supply unit failure in South outdoor macro cell cabinet. Generator backup activated but fuel exhaustion after 400 hours caused site blackout. 29 collocated operators affected. TSSR dispatched for emergency repair.,East,MPLS,P1-Critical,239,Cisco,Executed rollback of misconfigured ACL policies via out-of-band management. Implemented pre-deployment validation checks in CI/CD pipeline. Change freeze applied.,2025-01-09T07:01:39,"Roaming Services, VoLTE",Transport Failure,57490,494,2
ALM-2024-00240,5G NR SA core network experiencing PDU session establishment failures in Central. UPF processing latency spiked to 345ms. Affected 11726 IoT devices unable to connect. SMF logs show session binding errors correlated with UPF software defect #SW-45244.,North,5G-NR,P3-Medium,11,Cisco,Restored fiber cut using emergency splice. Reconfigured DWDM parameters. Implemented enhanced physical layer monitoring with OTDR alerts. SLA credit issued to affected customers.,2025-01-11T13:14:34,"Data Sessions, SMS",Power Failure,41584,15,7
ALM-2024-00293,Massive MIMO antenna tilt misconfiguration on 4 sector sites in East. SINR degraded by 3 dB causing uplink interference. Capacity reduced by 41% during peak hours. Service degradation reported by enterprise customers using mmWave bands.,North,MPLS,P1-Critical,187,Ericsson,Replaced failed hardware component. Ran comprehensive diagnostic tests post-replacement. Updated preventive maintenance schedule and raised spare parts inventory threshold.,2025-01-14T02:51:23,"IoT Connectivity, Enterprise VPN, Roaming Services",Hardware Failure,54045,561,3
ALM-2024-00238,35 gNB nodes in Central region reporting X2 interface failures after firmware upgrade to 21.Q4. UE attach success rate dropped from 98% to 43%. Engineers observed increased RRC connection rejections. Root cause identified as misconfigured AMF pool configuration post-upgrade.,West,3G-UMTS,P1-Critical,158,Huawei,Restored BGP route advertisements on backhaul routers. Reset SCTP associations to AMF. Implemented route dampening to prevent future flapping. Added monitoring alerts for BGP state changes.,2025-01-15T16:59:43,"VoLTE, Voice Calls, Enterprise VPN",Transport Failure,127176,205,8
ALM-2024-00351,Incorrect ACL configuration pushed to 18 Juniper routers in North via automated provisioning. Management plane traffic blocked causing loss of visibility to 18 network elements. Emergency rollback executed via out-of-band console access.,Central,5G-NR,P3-Medium,108,Ericsson,Applied emergency hotfix patch HF-6823 from vendor. Restarted UPF/SMF network functions. Verified PDU session establishment in staging environment before production rollout.,2025-01-16T03:04:33,"Data Sessions, Voice Calls, VoLTE",Transport Failure,86279,128,5
ALM-2025-00436,Segment routing MPLS path computation failure in Central SR-TE domain. PCE-server connectivity lost due to TLS certificate expiry. 33 critical traffic classes losing QoS guarantees. Enterprise SLA breached.,South,Fiber,P2-High,119,Huawei,Applied emergency hotfix patch HF-7688 from vendor. Restarted UPF/SMF network functions. Verified PDU session establishment in staging environment before production rollout.,2025-01-17T10:56:41,Roaming Services,Hardware Failure,81690,324,1
ALM-2025-00401,Submarine cable EDFA failure causing signal degradation on North international link. Capacity reduced from 113Gbps to 42Gbps. Traffic rerouted via alternate cable system with 116ms additional round-trip delay.,West,MPLS,P4-Low,58,Juniper,Rolled back firmware to previous stable version 19.Q2. Reconfigured AMF pool settings per vendor guidelines. Performed progressive site-by-site upgrade with validation checkpoints. Full service restored.,2025-01-18T15:54:46,"Voice Calls, Emergency Services",Hardware Failure,48434,65,7
ALM-2024-00360,PTP/IEEE-1588 grandmaster clock failure in South synchronization hierarchy. Holdover mode activated on 26 slave clocks. Phase error accumulating at 59 ns/s. 5G NR TDD frame alignment at risk after 319 minutes without reference.,North,3G-UMTS,P1-Critical,223,Cisco,Restored fiber cut using emergency splice. Reconfigured DWDM parameters. Implemented enhanced physical layer monitoring with OTDR alerts. SLA credit issued to affected customers.,2025-01-19T10:06:07,"IoT Connectivity, Data Sessions",Transport Failure,25040,246,1
ALM-2023-00109,Submarine cable EDFA failure causing signal degradation on East international link. Capacity reduced from 281Gbps to 61Gbps. Traffic rerouted via alternate cable system with 155ms additional round-trip delay.,East,5G-NR,P3-Medium,68,Ericsson,Executed rollback of misconfigured ACL policies via out-of-band management. Implemented pre-deployment validation checks in CI/CD pipeline. Change freeze applied.,2025-01-21T13:47:40,Emergency Services,Hardware Failure,97414,84,3
ALM-2023-00028,MPLS LDP session flap on core router in North causing traffic blackhole for 191 minutes. 5 L3VPN tunnels re-converging after IGP topology change. BGP prefix withdrawal storm affected enterprise customers during reconvergence.,West,MPLS,P3-Medium,74,Juniper,Executed rollback of misconfigured ACL policies via out-of-band management. Implemented pre-deployment validation checks in CI/CD pipeline. Change freeze applied.,2025-01-27T06:27:16,VoLTE,Authentication Failure,91506,106,6
ALM-2023-00047,12 gNB nodes in Central region reporting X2 interface failures after firmware upgrade to 20.Q1. UE attach success rate dropped from 98% to 50%. Engineers observed increased RRC connection rejections. Root cause identified as misconfigured AMF pool configuration post-upgrade.,North,Fiber,P3-Medium,115,Juniper,Replaced failed hardware component. Ran comprehensive diagnostic tests post-replacement. Updated preventive maintenance schedule and raised spare parts inventory threshold.,2025-01-29T21:24:19,VoLTE,Sync Loss,64736,223,1
ALM-2024-00377,Incorrect ACL configuration pushed to 39 Juniper routers in South via automated provisioning. Management plane traffic blocked causing loss of visibility to 39 network elements. Emergency rollback executed via out-of-band console access.,North,SD-WAN,P2-High,55,Nokia,Executed RF parameter optimization using SON toolset. Adjusted antenna tilt by 10 degrees. Activated neighbor cell load balancing. Service KPIs returned to baseline within 71 minutes.,2025-01-31T08:42:16,"Enterprise VPN, Emergency Services",Capacity Overload,95531,121,0
ALM-2025-00460,GNSS antenna failure on West primary timing reference. Backup BITS/SSU clock source activated. Stratum level degraded from 1 to 3. 49 dependent 5G sites at risk of air interface synchronization failure.,West,4G-LTE,P1-Critical,137,Cisco,Restarted affected network function instances. Applied configuration correction. Root cause analysis completed and design fix scheduled for next maintenance window.,2025-01-31T21:25:53,"IoT Connectivity, Voice Calls",Capacity Overload,93466,397,6
ALM-2024-00274,Massive MIMO antenna tilt misconfiguration on 35 sector sites in South. SINR degraded by 3 dB causing uplink interference. Capacity reduced by 40% during peak hours. Service degradation reported by enterprise customers using mmWave bands.,South,SD-WAN,P1-Critical,47,Cisco,Replaced failed hardware component. Ran comprehensive diagnostic tests post-replacement. Updated preventive maintenance schedule and raised spare parts inventory threshold.,2025-02-02T00:06:08,"Emergency Services, Roaming Services, Enterprise VPN",Interference,103879,137,3
ALM-2023-00071,LTE PDCP integrity protection mismatch on Huawei eNodeBs after security patch. UE contexts being dropped at RRC reconfiguration phase. 20 cells impacted in South. Hotfix deployment required to restore normal operations.,East,MPLS,P2-High,94,Nokia,Executed RF parameter optimization using SON toolset. Adjusted antenna tilt by 2 degrees. Activated neighbor cell load balancing. Service KPIs returned to baseline within 440 minutes.,2025-02-05T23:11:48,Data Sessions,Hardware Failure,28557,235,5
ALM-2023-00166,Uplink PRB utilization exceeding 90% on 22 cells in North during peak traffic. Scheduler fairness degraded for edge UEs. Average throughput dropped 59%. Emergency capacity expansion through spectrum refarming initiated.,North,Fiber,P1-Critical,88,Ericsson,Executed RF parameter optimization using SON toolset. Adjusted antenna tilt by 9 degrees. Activated neighbor cell load balancing. Service KPIs returned to baseline within 44 minutes.,2025-02-11T00:43:35,"IoT Connectivity, SMS, Video Streaming",Power Failure,16476,146,5
ALM-2023-00063,LTE PDCP integrity protection mismatch on Cisco eNodeBs after security patch. UE contexts being dropped at RRC reconfiguration phase. 48 cells impacted in South. Hotfix deployment required to restore normal operations.,East,5G-NR,P1-Critical,22,Nokia,Implemented emergency traffic offload through carrier WiFi and small cell densification. Activated additional spectrum through dynamic frequency assignment. Permanent capacity upgrade planned.,2025-02-13T15:16:16,"Video Streaming, Roaming Services, VoLTE",Sync Loss,41247,46,0
ALM-2023-00198,Massive MIMO antenna tilt misconfiguration on 29 sector sites in Central. SINR degraded by 7 dB causing uplink interference. Capacity reduced by 33% during peak hours. Service degradation reported by enterprise customers using mmWave bands.,West,4G-LTE,P3-Medium,76,Cisco,Applied emergency hotfix patch HF-8258 from vendor. Restarted UPF/SMF network functions. Verified PDU session establishment in staging environment before production rollout.,2025-02-14T23:59:25,"VoLTE, SMS",Hardware Failure,69147,104,6
ALM-2024-00268,Multiple eNodeBs in South showing S1 interface failure after planned maintenance window. MME connection dropped across 2 sites. Cause: BGP route advertisement error on backhaul routers. Subscribers experiencing call drops and data session timeouts in the affected area.,East,SD-WAN,P3-Medium,18,Juniper,Restored BGP route advertisements on backhaul routers. Reset SCTP associations to AMF. Implemented route dampening to prevent future flapping. Added monitoring alerts for BGP state changes.,2025-02-16T19:39:30,"Emergency Services, IoT Connectivity",Authentication Failure,85561,31,4
ALM-2023-00120,Line card failure on Nokia core router in Central data center. Module 1/3 ejected due to ASIC thermal runaway at 98°C. Traffic failover to redundant linecard triggered 475ms packet loss event.,North,SD-WAN,P3-Medium,116,Juniper,Applied emergency hotfix patch HF-2803 from vendor. Restarted UPF/SMF network functions. Verified PDU session establishment in staging environment before production rollout.,2025-02-17T03:59:04,Enterprise VPN,Power Failure,52607,223,7
ALM-2024-00269,Massive MIMO antenna tilt misconfiguration on 24 sector sites in North. SINR degraded by 3 dB causing uplink interference. Capacity reduced by 32% during peak hours. Service degradation reported by enterprise customers using mmWave bands.,South,Fiber,P2-High,98,Cisco,Restored fiber cut using emergency splice. Reconfigured DWDM parameters. Implemented enhanced physical layer monitoring with OTDR alerts. SLA credit issued to affected customers.,2025-02-18T03:18:11,"Roaming Services, Emergency Services, VoLTE",Transport Failure,143888,117,6
ALM-2024-00367,MPLS LDP session flap on core router in South causing traffic blackhole for 343 minutes. 37 L3VPN tunnels re-converging after IGP topology change. BGP prefix withdrawal storm affected enterprise customers during reconvergence.,East,3G-UMTS,P2-High,26,Nokia,Re-established PTP synchronization chain using backup grandmaster. Deployed additional GNSS antennas for redundancy. Updated synchronization monitoring dashboards.,2025-02-20T18:38:53,"Enterprise VPN, Voice Calls",Config Error,54872,47,3
ALM-2025-00438,CSFB (Circuit Switched Fallback) failure rate spike in South — 65% failure observed. MSC-S unreachable from 31 eNodeBs due to SS7 link congestion. Voice call setup failure affected 24217 subscribers during peak hours.,Central,Fiber,P3-Medium,36,Huawei,Restored BGP route advertisements on backhaul routers. Reset SCTP associations to AMF. Implemented route dampening to prevent future flapping. Added monitoring alerts for BGP state changes.,2025-02-22T19:52:21,IoT Connectivity,Config Error,74580,86,7
ALM-2025-00451,Line card failure on Juniper core router in South data center. Module 13/3 ejected due to ASIC thermal runaway at 118°C. Traffic failover to redundant linecard triggered 394ms packet loss event.,South,SD-WAN,P3-Medium,11,Juniper,Restored fiber cut using emergency splice. Reconfigured DWDM parameters. Implemented enhanced physical layer monitoring with OTDR alerts. SLA credit issued to affected customers.,2025-02-25T23:57:45,"Roaming Services, VoLTE, Video Streaming",Sync Loss,77417,28,4
ALM-2023-00064,ISIS adjacency loss between East P-routers after planned IOS-XR upgrade. SPF recalculation loop detected causing micro-burst packet loss. ECMP paths became unequal triggering traffic imbalance across 35 interfaces.,East,4G-LTE,P3-Medium,28,Nokia,Executed RF parameter optimization using SON toolset. Adjusted antenna tilt by 15 degrees. Activated neighbor cell load balancing. Service KPIs returned to baseline within 303 minutes.,2025-03-01T08:50:01,"Data Sessions, Video Streaming, Enterprise VPN",Transport Failure,39190,45,6
ALM-2023-00142,35 gNB nodes in East region reporting X2 interface failures after firmware upgrade to 22.Q4. UE attach success rate dropped from 98% to 59%. Engineers observed increased RRC connection rejections. Root cause identified as misconfigured AMF pool configuration post-upgrade.,West,5G-NR,P2-High,118,Nokia,Applied emergency hotfix patch HF-8405 from vendor. Restarted UPF/SMF network functions. Verified PDU session establishment in staging environment before production rollout.,2025-03-02T02:41:53,Video Streaming,Capacity Overload,112116,171,1
ALM-2024-00316,Battery backup degradation on 20 Central BTS sites. Float charge voltage below threshold causing premature cutoff during grid outage. Preventive maintenance schedule requires immediate overhaul of UPS systems.,East,MPLS,P3-Medium,51,Juniper,Restored BGP route advertisements on backhaul routers. Reset SCTP associations to AMF. Implemented route dampening to prevent future flapping. Added monitoring alerts for BGP state changes.,2025-03-04T00:10:30,SMS,Interference,72368,129,4
ALM-2023-00051,Multiple eNodeBs in Central showing S1 interface failure after planned maintenance window. MME connection dropped across 20 sites. Cause: BGP route advertisement error on backhaul routers. Subscribers experiencing call drops and data session timeouts in the affected area.,West,Fiber,P3-Medium,50,Juniper,Replaced failed hardware component. Ran comprehensive diagnostic tests post-replacement. Updated preventive maintenance schedule and raised spare parts inventory threshold.,2025-03-04T13:15:34,SMS,Link Down,20350,121,0
ALM-2023-00111,Submarine cable EDFA failure causing signal degradation on West international link. Capacity reduced from 380Gbps to 45Gbps. Traffic rerouted via alternate cable system with 261ms additional round-trip delay.,South,3G-UMTS,P1-Critical,166,Huawei,Applied emergency hotfix patch HF-5505 from vendor. Restarted UPF/SMF network functions. Verified PDU session establishment in staging environment before production rollout.,2025-03-12T01:41:04,Emergency Services,Transport Failure,6337,423,0
ALM-2024-00371,CU-DU functional split failure on 2 distributed 5G nodes in East. F1 interface went down due to transport network IP route withdrawal. Mid-haul link between CU and DU lost for 342 minutes causing complete service disruption.,North,3G-UMTS,P3-Medium,81,Cisco,Executed RF parameter optimization using SON toolset. Adjusted antenna tilt by 7 degrees. Activated neighbor cell load balancing. Service KPIs returned to baseline within 420 minutes.,2025-03-12T10:44:24,"Data Sessions, Roaming Services, IoT Connectivity",Capacity Overload,99568,240,0
ALM-2024-00218,PTP/IEEE-1588 grandmaster clock failure in Central synchronization hierarchy. Holdover mode activated on 5 slave clocks. Phase error accumulating at 69 ns/s. 5G NR TDD frame alignment at risk after 346 minutes without reference.,West,MPLS,P3-Medium,36,Juniper,Restored fiber cut using emergency splice. Reconfigured DWDM parameters. Implemented enhanced physical layer monitoring with OTDR alerts. SLA credit issued to affected customers.,2025-03-13T23:32:40,Enterprise VPN,Transport Failure,91581,74,5
ALM-2023-00137,Multiple eNodeBs in North showing S1 interface failure after planned maintenance window. MME connection dropped across 35 sites. Cause: BGP route advertisement error on backhaul routers. Subscribers experiencing call drops and data session timeouts in the affected area.,North,4G-LTE,P3-Medium,38,Juniper,Executed rollback of misconfigured ACL policies via out-of-band management. Implemented pre-deployment validation checks in CI/CD pipeline. Change freeze applied.,2025-03-17T08:20:58,SMS,Capacity Overload,87009,105,4
ALM-2024-00281,GNSS antenna failure on East primary timing reference. Backup BITS/SSU clock source activated. Stratum level degraded from 1 to 3. 39 dependent 5G sites at risk of air interface synchronization failure.,East,MPLS,P4-Low,44,Huawei,Restored fiber cut using emergency splice. Reconfigured DWDM parameters. Implemented enhanced physical layer monitoring with OTDR alerts. SLA credit issued to affected customers.,2025-03-17T10:55:09,Emergency Services,Capacity Overload,194,98,1
ALM-2023-00163,LTE PDCP integrity protection mismatch on Cisco eNodeBs after security patch. UE contexts being dropped at RRC reconfiguration phase. 25 cells impacted in North. Hotfix deployment required to restore normal operations.,East,Fiber,P1-Critical,197,Huawei,Re-established PTP synchronization chain using backup grandmaster. Deployed additional GNSS antennas for redundancy. Updated synchronization monitoring dashboards.,2025-03-23T15:30:10,"Video Streaming, Roaming Services, Voice Calls",Power Failure,34669,293,0
ALM-2023-00174,Incorrect ACL configuration pushed to 11 Juniper routers in Central via automated provisioning. Management plane traffic blocked causing loss of visibility to 11 network elements. Emergency rollback executed via out-of-band console access.,West,SD-WAN,P1-Critical,238,Cisco,Rolled back firmware to previous stable version 21.Q3. Reconfigured AMF pool settings per vendor guidelines. Performed progressive site-by-site upgrade with validation checkpoints. Full service restored.,2025-03-30T14:23:35,IoT Connectivity,Hardware Failure,134169,239,0
ALM-2024-00251,Incorrect ACL configuration pushed to 27 Nokia routers in East via automated provisioning. Management plane traffic blocked causing loss of visibility to 27 network elements. Emergency rollback executed via out-of-band console access.,West,4G-LTE,P1-Critical,118,Cisco,Executed RF parameter optimization using SON toolset. Adjusted antenna tilt by 14 degrees. Activated neighbor cell load balancing. Service KPIs returned to baseline within 323 minutes.,2025-03-31T10:06:14,SMS,Link Down,27472,232,1
ALM-2023-00037,Uplink PRB utilization exceeding 90% on 45 cells in Central during peak traffic. Scheduler fairness degraded for edge UEs. Average throughput dropped 47%. Emergency capacity expansion through spectrum refarming initiated.,West,3G-UMTS,P1-Critical,231,Nokia,Executed RF parameter optimization using SON toolset. Adjusted antenna tilt by 6 degrees. Activated neighbor cell load balancing. Service KPIs returned to baseline within 412 minutes.,2025-04-04T04:09:25,"VoLTE, SMS, IoT Connectivity",Config Error,109440,500,8
ALM-2023-00014,LTE PDCP integrity protection mismatch on Juniper eNodeBs after security patch. UE contexts being dropped at RRC reconfiguration phase. 47 cells impacted in Central. Hotfix deployment required to restore normal operations.,East,MPLS,P2-High,165,Huawei,Re-established PTP synchronization chain using backup grandmaster. Deployed additional GNSS antennas for redundancy. Updated synchronization monitoring dashboards.,2025-04-07T22:29:10,Enterprise VPN,Transport Failure,127731,175,8
ALM-2023-00030,N2/N3 interface congestion between South gNBs and AMF cluster. 28 sites showing SCTP association failures. Emergency handover to 4G-LTE fallback activated. Traffic load balancing misconfiguration identified as probable cause.,South,5G-NR,P1-Critical,226,Nokia,Executed RF parameter optimization using SON toolset. Adjusted antenna tilt by 3 degrees. Activated neighbor cell load balancing. Service KPIs returned to baseline within 376 minutes.,2025-04-16T04:36:45,"Emergency Services, VoLTE",Authentication Failure,89080,307,2
ALM-2024-00266,Submarine cable EDFA failure causing signal degradation on North international link. Capacity reduced from 217Gbps to 23Gbps. Traffic rerouted via alternate cable system with 219ms additional round-trip delay.,Central,3G-UMTS,P3-Medium,101,Nokia,Executed rollback of misconfigured ACL policies via out-of-band management. Implemented pre-deployment validation checks in CI/CD pipeline. Change freeze applied.,2025-04-17T09:13:28,VoLTE,Transport Failure,74441,205,1
ALM-2025-00417,Massive MIMO antenna tilt misconfiguration on 5 sector sites in South. SINR degraded by 11 dB causing uplink interference. Capacity reduced by 47% during peak hours. Service degradation reported by enterprise customers using mmWave bands.,West,SD-WAN,P1-Critical,163,Juniper,Implemented emergency traffic offload through carrier WiFi and small cell densification. Activated additional spectrum through dynamic frequency assignment. Permanent capacity upgrade planned.,2025-04-19T09:55:27,"Voice Calls, Enterprise VPN",Authentication Failure,86708,386,0
ALM-2025-00465,43 gNB nodes in West region reporting X2 interface failures after firmware upgrade to 22.Q4. UE attach success rate dropped from 98% to 78%. Engineers observed increased RRC connection rejections. Root cause identified as misconfigured AMF pool configuration post-upgrade.,South,MPLS,P3-Medium,23,Nokia,Restarted affected network function instances. Applied configuration correction. Root cause analysis completed and design fix scheduled for next maintenance window.,2025-04-20T16:31:33,"Voice Calls, SMS, Data Sessions",Hardware Failure,88373,46,5
ALM-2023-00041,MPLS LDP session flap on core router in North causing traffic blackhole for 211 minutes. 49 L3VPN tunnels re-converging after IGP topology change. BGP prefix withdrawal storm affected enterprise customers during reconvergence.,East,Fiber,P2-High,51,Ericsson,Replaced failed hardware component. Ran comprehensive diagnostic tests post-replacement. Updated preventive maintenance schedule and raised spare parts inventory threshold.,2025-04-26T15:58:55,"Roaming Services, IoT Connectivity, Voice Calls",Link Down,14503,110,5
ALM-2024-00358,CU-DU functional split failure on 9 distributed 5G nodes in Central. F1 interface went down due to transport network IP route withdrawal. Mid-haul link between CU and DU lost for 245 minutes causing complete service disruption.,North,3G-UMTS,P2-High,15,Cisco,Rolled back firmware to previous stable version 20.Q2. Reconfigured AMF pool settings per vendor guidelines. Performed progressive site-by-site upgrade with validation checkpoints. Full service restored.,2025-04-27T16:42:25,"IoT Connectivity, Roaming Services",Link Down,108089,29,0
ALM-2024-00237,GNSS antenna failure on Central primary timing reference. Backup BITS/SSU clock source activated. Stratum level degraded from 1 to 3. 11 dependent 5G sites at risk of air interface synchronization failure.,East,Fiber,P4-Low,45,Cisco,Executed RF parameter optimization using SON toolset. Adjusted antenna tilt by 6 degrees. Activated neighbor cell load balancing. Service KPIs returned to baseline within 327 minutes.,2025-05-01T19:17:50,"Video Streaming, Voice Calls",Config Error,18848,95,7
ALM-2023-00108,Line card failure on Ericsson core router in Central data center. Module 13/1 ejected due to ASIC thermal runaway at 100°C. Traffic failover to redundant linecard triggered 438ms packet loss event.,East,SD-WAN,P3-Medium,115,Huawei,Restarted affected network function instances. Applied configuration correction. Root cause analysis completed and design fix scheduled for next maintenance window.,2025-05-03T16:09:10,Enterprise VPN,Interference,83100,284,6
ALM-2023-00072,5G NR SA core network experiencing PDU session establishment failures in East. UPF processing latency spiked to 272ms. Affected 19237 IoT devices unable to connect. SMF logs show session binding errors correlated with UPF software defect #SW-17582.,Central,MPLS,P2-High,39,Juniper,Implemented emergency traffic offload through carrier WiFi and small cell densification. Activated additional spectrum through dynamic frequency assignment. Permanent capacity upgrade planned.,2025-05-07T07:49:33,VoLTE,Power Failure,24108,101,7
ALM-2023-00082,DWDM wavelength drift detected on North fiber span kilometer 325. OSNR degraded below threshold causing FEC errors to spike. Amplifier gain tilt compensation adjusted but optical power margin remains critically low.,South,5G-NR,P3-Medium,24,Cisco,Restarted affected network function instances. Applied configuration correction. Root cause analysis completed and design fix scheduled for next maintenance window.,2025-05-08T11:47:53,"Video Streaming, Voice Calls, VoLTE",Link Down,73816,28,0
ALM-2023-00077,LTE carrier aggregation malfunction on Band 3 + Band 7 in East. PDCP layer buffer overflow caused by DRB misconfiguration after software patch HF-2242. 88869 high-value subscribers affected. ARPU impact estimated at $245K.,East,Fiber,P1-Critical,139,Nokia,Executed RF parameter optimization using SON toolset. Adjusted antenna tilt by 14 degrees. Activated neighbor cell load balancing. Service KPIs returned to baseline within 376 minutes.,2025-05-10T09:51:26,"SMS, Voice Calls",Interference,198357,284,0
ALM-2025-00470,Massive MIMO antenna tilt misconfiguration on 32 sector sites in North. SINR degraded by 13 dB causing uplink interference. Capacity reduced by 56% during peak hours. Service degradation reported by enterprise customers using mmWave bands.,North,MPLS,P3-Medium,69,Juniper,Restored fiber cut using emergency splice. Reconfigured DWDM parameters. Implemented enhanced physical layer monitoring with OTDR alerts. SLA credit issued to affected customers.,2025-05-14T14:48:58,"Voice Calls, Roaming Services",Transport Failure,76942,124,3
ALM-2024-00253,X2 handover failures between Central eNodeBs and neighboring cluster. Inter-eNB handover success rate dropped to 48%. Ping-pong handover storms observed. SON algorithm override required to stabilize mobility parameters.,North,3G-UMTS,P1-Critical,229,Nokia,Executed RF parameter optimization using SON toolset. Adjusted antenna tilt by 3 degrees. Activated neighbor cell load balancing. Service KPIs returned to baseline within 81 minutes.,2025-05-14T16:28:10,"VoLTE, Data Sessions",Sync Loss,127723,291,4
ALM-2024-00395,Massive MIMO antenna tilt misconfiguration on 33 sector sites in East. SINR degraded by 10 dB causing uplink interference. Capacity reduced by 38% during peak hours. Service degradation reported by enterprise customers using mmWave bands.,North,MPLS,P2-High,161,Cisco,Re-established PTP synchronization chain using backup grandmaster. Deployed additional GNSS antennas for redundancy. Updated synchronization monitoring dashboards.,2025-05-18T04:16:45,"IoT Connectivity, Emergency Services",Interference,40427,365,0
ALM-2025-00439,Multiple eNodeBs in North showing S1 interface failure after planned maintenance window. MME connection dropped across 18 sites. Cause: BGP route advertisement error on backhaul routers. Subscribers experiencing call drops and data session timeouts in the affected area.,South,SD-WAN,P1-Critical,118,Huawei,Replaced failed hardware component. Ran comprehensive diagnostic tests post-replacement. Updated preventive maintenance schedule and raised spare parts inventory threshold.,2025-05-18T23:22:56,"Enterprise VPN, Voice Calls, Emergency Services",Config Error,77852,220,6
ALM-2024-00283,Line card failure on Huawei core router in West data center. Module 9/3 ejected due to ASIC thermal runaway at 100°C. Traffic failover to redundant linecard triggered 447ms packet loss event.,West,MPLS,P1-Critical,124,Cisco,Applied emergency hotfix patch HF-2634 from vendor. Restarted UPF/SMF network functions. Verified PDU session establishment in staging environment before production rollout.,2025-05-21T17:07:32,VoLTE,Interference,86547,233,3
ALM-2023-00138,CSFB (Circuit Switched Fallback) failure rate spike in West — 54% failure observed. MSC-S unreachable from 40 eNodeBs due to SS7 link congestion. Voice call setup failure affected 51577 subscribers during peak hours.,Central,3G-UMTS,P4-Low,10,Huawei,Executed RF parameter optimization using SON toolset. Adjusted antenna tilt by 5 degrees. Activated neighbor cell load balancing. Service KPIs returned to baseline within 282 minutes.,2025-05-22T21:32:23,IoT Connectivity,Link Down,35930,12,8
ALM-2024-00209,LTE PDCP integrity protection mismatch on Juniper eNodeBs after security patch. UE contexts being dropped at RRC reconfiguration phase. 7 cells impacted in Central. Hotfix deployment required to restore normal operations.,North,SD-WAN,P3-Medium,14,Juniper,Implemented emergency traffic offload through carrier WiFi and small cell densification. Activated additional spectrum through dynamic frequency assignment. Permanent capacity upgrade planned.,2025-05-23T23:40:32,"Enterprise VPN, VoLTE",Link Down,43997,36,7
ALM-2023-00161,Battery backup degradation on 31 West BTS sites. Float charge voltage below threshold causing premature cutoff during grid outage. Preventive maintenance schedule requires immediate overhaul of UPS systems.,Central,SD-WAN,P2-High,138,Huawei,Implemented emergency traffic offload through carrier WiFi and small cell densification. Activated additional spectrum through dynamic frequency assignment. Permanent capacity upgrade planned.,2025-05-24T11:04:09,SMS,Power Failure,147693,323,3
ALM-2023-00015,Uplink PRB utilization exceeding 90% on 37 cells in North during peak traffic. Scheduler fairness degraded for edge UEs. Average throughput dropped 47%. Emergency capacity expansion through spectrum refarming initiated.,West,4G-LTE,P4-Low,32,Juniper,Re-established PTP synchronization chain using backup grandmaster. Deployed additional GNSS antennas for redundancy. Updated synchronization monitoring dashboards.,2025-05-25T04:14:59,"SMS, VoLTE",Config Error,6658,92,1
ALM-2024-00279,Segment routing MPLS path computation failure in South SR-TE domain. PCE-server connectivity lost due to TLS certificate expiry. 4 critical traffic classes losing QoS guarantees. Enterprise SLA breached.,South,MPLS,P1-Critical,170,Juniper,Rolled back firmware to previous stable version 22.Q4. Reconfigured AMF pool settings per vendor guidelines. Performed progressive site-by-site upgrade with validation checkpoints. Full service restored.,2025-05-27T18:22:20,Roaming Services,Interference,68915,368,1
ALM-2025-00454,Massive MIMO antenna tilt misconfiguration on 14 sector sites in South. SINR degraded by 11 dB causing uplink interference. Capacity reduced by 55% during peak hours. Service degradation reported by enterprise customers using mmWave bands.,Central,5G-NR,P3-Medium,75,Huawei,Replaced failed hardware component. Ran comprehensive diagnostic tests post-replacement. Updated preventive maintenance schedule and raised spare parts inventory threshold.,2025-05-31T03:01:32,"VoLTE, Data Sessions, Emergency Services",Transport Failure,43490,210,2
ALM-2023-00067,5G NR SA core network experiencing PDU session establishment failures in East. UPF processing latency spiked to 275ms. Affected 119498 IoT devices unable to connect. SMF logs show session binding errors correlated with UPF software defect #SW-76614.,South,3G-UMTS,P4-Low,8,Nokia,Executed rollback of misconfigured ACL policies via out-of-band management. Implemented pre-deployment validation checks in CI/CD pipeline. Change freeze applied.,2025-06-01T11:58:30,Voice Calls,Software Bug,30143,12,8
ALM-2024-00249,Line card failure on Nokia core router in East data center. Module 1/2 ejected due to ASIC thermal runaway at 116°C. Traffic failover to redundant linecard triggered 75ms packet loss event.,South,4G-LTE,P1-Critical,31,Nokia,Restored fiber cut using emergency splice. Reconfigured DWDM parameters. Implemented enhanced physical layer monitoring with OTDR alerts. SLA credit issued to affected customers.,2025-06-03T21:19:35,"Video Streaming, Enterprise VPN",Power Failure,116114,50,1
ALM-2023-00144,5G NR SA core network experiencing PDU session establishment failures in East. UPF processing latency spiked to 500ms. Affected 86795 IoT devices unable to connect. SMF logs show session binding errors correlated with UPF software defect #SW-15997.,Central,Fiber,P1-Critical,172,Nokia,Applied emergency hotfix patch HF-7582 from vendor. Restarted UPF/SMF network functions. Verified PDU session establishment in staging environment before production rollout.,2025-06-04T08:47:36,"Enterprise VPN, Voice Calls",Capacity Overload,92254,270,4
ALM-2024-00331,BGP route policy misconfiguration in North caused 36K prefixes to be inadvertently withdrawn. Internet traffic blackholed for 247 minutes. Customer escalations: 84801 broadband users reported total connectivity loss.,South,5G-NR,P1-Critical,125,Cisco,Executed RF parameter optimization using SON toolset. Adjusted antenna tilt by 15 degrees. Activated neighbor cell load balancing. Service KPIs returned to baseline within 172 minutes.,2025-06-06T18:26:40,"IoT Connectivity, SMS, Emergency Services",Transport Failure,72946,253,7
ALM-2023-00062,N2/N3 interface congestion between North gNBs and AMF cluster. 27 sites showing SCTP association failures. Emergency handover to 4G-LTE fallback activated. Traffic load balancing misconfiguration identified as probable cause.,North,Fiber,P3-Medium,80,Nokia,Restored BGP route advertisements on backhaul routers. Reset SCTP associations to AMF. Implemented route dampening to prevent future flapping. Added monitoring alerts for BGP state changes.,2025-06-14T03:11:39,"VoLTE, Enterprise VPN, Emergency Services",Hardware Failure,50947,153,4
ALM-2023-00056,PTP/IEEE-1588 grandmaster clock failure in West synchronization hierarchy. Holdover mode activated on 23 slave clocks. Phase error accumulating at 52 ns/s. 5G NR TDD frame alignment at risk after 439 minutes without reference.,East,5G-NR,P3-Medium,19,Cisco,Implemented emergency traffic offload through carrier WiFi and small cell densification. Activated additional spectrum through dynamic frequency assignment. Permanent capacity upgrade planned.,2025-06-14T18:07:38,"Video Streaming, VoLTE, Enterprise VPN",Software Bug,54027,38,6
ALM-2025-00447,GNSS antenna failure on West primary timing reference. Backup BITS/SSU clock source activated. Stratum level degraded from 1 to 3. 50 dependent 5G sites at risk of air interface synchronization failure.,West,SD-WAN,P1-Critical,39,Nokia,Restored fiber cut using emergency splice. Reconfigured DWDM parameters. Implemented enhanced physical layer monitoring with OTDR alerts. SLA credit issued to affected customers.,2025-06-14T19:34:20,"SMS, VoLTE",Software Bug,59879,90,3
ALM-2024-00332,BGP route policy misconfiguration in South caused 5K prefixes to be inadvertently withdrawn. Internet traffic blackholed for 102 minutes. Customer escalations: 134498 broadband users reported total connectivity loss.,South,4G-LTE,P4-Low,44,Nokia,Restarted affected network function instances. Applied configuration correction. Root cause analysis completed and design fix scheduled for next maintenance window.,2025-06-26T08:33:15,VoLTE,Software Bug,8400,54,3
ALM-2023-00134,Core network signaling storm from 28 IoT devices in South entering simultaneous TAU cycles. MME/AMF overloaded causing 62% attach rejection rate. Emergency rate limiting applied to prevent total core collapse.,North,4G-LTE,P2-High,95,Huawei,Applied emergency hotfix patch HF-5242 from vendor. Restarted UPF/SMF network functions. Verified PDU session establishment in staging environment before production rollout.,2025-06-28T03:20:39,"Roaming Services, IoT Connectivity, Voice Calls",Interference,116662,201,3
ALM-2024-00288,GNSS antenna failure on West primary timing reference. Backup BITS/SSU clock source activated. Stratum level degraded from 1 to 3. 49 dependent 5G sites at risk of air interface synchronization failure.,North,5G-NR,P3-Medium,85,Huawei,Replaced failed hardware component. Ran comprehensive diagnostic tests post-replacement. Updated preventive maintenance schedule and raised spare parts inventory threshold.,2025-07-01T03:47:09,Roaming Services,Power Failure,14442,212,4
ALM-2024-00319,Submarine cable EDFA failure causing signal degradation on North international link. Capacity reduced from 358Gbps to 47Gbps. Traffic rerouted via alternate cable system with 375ms additional round-trip delay.,North,5G-NR,P3-Medium,95,Nokia,Restored fiber cut using emergency splice. Reconfigured DWDM parameters. Implemented enhanced physical layer monitoring with OTDR alerts. SLA credit issued to affected customers.,2025-07-02T21:32:18,IoT Connectivity,Transport Failure,80056,208,7
ALM-2024-00219,LTE PDCP integrity protection mismatch on Juniper eNodeBs after security patch. UE contexts being dropped at RRC reconfiguration phase. 23 cells impacted in Central. Hotfix deployment required to restore normal operations.,South,SD-WAN,P1-Critical,125,Cisco,Re-established PTP synchronization chain using backup grandmaster. Deployed additional GNSS antennas for redundancy. Updated synchronization monitoring dashboards.,2025-07-03T04:22:32,"Enterprise VPN, IoT Connectivity, Data Sessions",Authentication Failure,40459,277,0
ALM-2025-00431,Incorrect ACL configuration pushed to 30 Huawei routers in Central via automated provisioning. Management plane traffic blocked causing loss of visibility to 30 network elements. Emergency rollback executed via out-of-band console access.,South,Fiber,P1-Critical,172,Huawei,Implemented emergency traffic offload through carrier WiFi and small cell densification. Activated additional spectrum through dynamic frequency assignment. Permanent capacity upgrade planned.,2025-07-04T16:32:31,"Voice Calls, Enterprise VPN",Authentication Failure,21570,206,7
ALM-2025-00450,Line card failure on Juniper core router in Central data center. Module 10/1 ejected due to ASIC thermal runaway at 110°C. Traffic failover to redundant linecard triggered 444ms packet loss event.,North,Fiber,P2-High,24,Huawei,Replaced failed hardware component. Ran comprehensive diagnostic tests post-replacement. Updated preventive maintenance schedule and raised spare parts inventory threshold.,2025-07-05T02:47:26,"Enterprise VPN, VoLTE, Voice Calls",Capacity Overload,132832,48,1
ALM-2025-00418,LTE carrier aggregation malfunction on Band 3 + Band 7 in South. PDCP layer buffer overflow caused by DRB misconfiguration after software patch HF-2759. 82791 high-value subscribers affected. ARPU impact estimated at $1430K.,South,5G-NR,P4-Low,8,Nokia,Rolled back firmware to previous stable version 18.Q3. Reconfigured AMF pool settings per vendor guidelines. Performed progressive site-by-site upgrade with validation checkpoints. Full service restored.,2025-07-06T10:39:15,"Video Streaming, IoT Connectivity",Transport Failure,32484,18,8
ALM-2023-00164,DWDM wavelength drift detected on West fiber span kilometer 31. OSNR degraded below threshold causing FEC errors to spike. Amplifier gain tilt compensation adjusted but optical power margin remains critically low.,Central,SD-WAN,P1-Critical,26,Cisco,Applied emergency hotfix patch HF-5008 from vendor. Restarted UPF/SMF network functions. Verified PDU session establishment in staging environment before production rollout.,2025-07-07T01:47:10,"Voice Calls, VoLTE, Enterprise VPN",Hardware Failure,177380,75,6
ALM-2025-00442,N2/N3 interface congestion between Central gNBs and AMF cluster. 39 sites showing SCTP association failures. Emergency handover to 4G-LTE fallback activated. Traffic load balancing misconfiguration identified as probable cause.,South,4G-LTE,P4-Low,15,Ericsson,Executed rollback of misconfigured ACL policies via out-of-band management. Implemented pre-deployment validation checks in CI/CD pipeline. Change freeze applied.,2025-07-12T04:27:21,"Data Sessions, IoT Connectivity, Emergency Services",Software Bug,7429,31,8
ALM-2024-00391,Submarine cable EDFA failure causing signal degradation on North international link. Capacity reduced from 238Gbps to 76Gbps. Traffic rerouted via alternate cable system with 479ms additional round-trip delay.,West,MPLS,P1-Critical,231,Nokia,Replaced failed hardware component. Ran comprehensive diagnostic tests post-replacement. Updated preventive maintenance schedule and raised spare parts inventory threshold.,2025-07-14T07:54:39,Emergency Services,Capacity Overload,196755,595,4
ALM-2025-00461,GNSS antenna failure on North primary timing reference. Backup BITS/SSU clock source activated. Stratum level degraded from 1 to 3. 17 dependent 5G sites at risk of air interface synchronization failure.,South,SD-WAN,P3-Medium,58,Juniper,Executed rollback of misconfigured ACL policies via out-of-band management. Implemented pre-deployment validation checks in CI/CD pipeline. Change freeze applied.,2025-07-15T04:57:55,Roaming Services,Sync Loss,94595,117,2
ALM-2023-00167,LTE PDCP integrity protection mismatch on Nokia eNodeBs after security patch. UE contexts being dropped at RRC reconfiguration phase. 30 cells impacted in West. Hotfix deployment required to restore normal operations.,West,3G-UMTS,P1-Critical,144,Nokia,Replaced failed hardware component. Ran comprehensive diagnostic tests post-replacement. Updated preventive maintenance schedule and raised spare parts inventory threshold.,2025-07-18T23:04:21,Voice Calls,Link Down,95772,213,5
ALM-2025-00459,Fiber cut on backbone ring between North hub and metro aggregation node. APS (Automatic Protection Switching) triggered but secondary path showing 412ms additional latency. 39 enterprise circuits and 14405 mobile subscribers affected on dependent transport.,South,4G-LTE,P1-Critical,150,Nokia,Executed RF parameter optimization using SON toolset. Adjusted antenna tilt by 10 degrees. Activated neighbor cell load balancing. Service KPIs returned to baseline within 222 minutes.,2025-07-19T20:29:31,"Data Sessions, Emergency Services, VoLTE",Sync Loss,73235,285,6
ALM-2025-00499,5G NR SA core network experiencing PDU session establishment failures in East. UPF processing latency spiked to 134ms. Affected 44605 IoT devices unable to connect. SMF logs show session binding errors correlated with UPF software defect #SW-34079.,West,5G-NR,P3-Medium,77,Juniper,Implemented emergency traffic offload through carrier WiFi and small cell densification. Activated additional spectrum through dynamic frequency assignment. Permanent capacity upgrade planned.,2025-07-21T12:45:19,VoLTE,Sync Loss,8943,84,0
ALM-2024-00305,N2/N3 interface congestion between West gNBs and AMF cluster. 36 sites showing SCTP association failures. Emergency handover to 4G-LTE fallback activated. Traffic load balancing misconfiguration identified as probable cause.,South,SD-WAN,P3-Medium,100,Ericsson,Restored BGP route advertisements on backhaul routers. Reset SCTP associations to AMF. Implemented route dampening to prevent future flapping. Added monitoring alerts for BGP state changes.,2025-07-24T16:13:53,"SMS, Voice Calls, Data Sessions",Interference,63588,102,3
ALM-2024-00364,Submarine cable EDFA failure causing signal degradation on North international link. Capacity reduced from 308Gbps to 30Gbps. Traffic rerouted via alternate cable system with 97ms additional round-trip delay.,Central,SD-WAN,P4-Low,11,Cisco,Restored fiber cut using emergency splice. Reconfigured DWDM parameters. Implemented enhanced physical layer monitoring with OTDR alerts. SLA credit issued to affected customers.,2025-07-25T08:21:36,Video Streaming,Hardware Failure,35692,22,1
ALM-2023-00114,Submarine cable EDFA failure causing signal degradation on South international link. Capacity reduced from 212Gbps to 39Gbps. Traffic rerouted via alternate cable system with 280ms additional round-trip delay.,South,4G-LTE,P3-Medium,93,Cisco,Executed RF parameter optimization using SON toolset. Adjusted antenna tilt by 5 degrees. Activated neighbor cell load balancing. Service KPIs returned to baseline within 297 minutes.,2025-07-25T12:52:56,"Data Sessions, SMS",Link Down,13940,206,3
ALM-2023-00171,CSFB (Circuit Switched Fallback) failure rate spike in East — 46% failure observed. MSC-S unreachable from 34 eNodeBs due to SS7 link congestion. Voice call setup failure affected 84397 subscribers during peak hours.,North,SD-WAN,P1-Critical,191,Cisco,Replaced failed hardware component. Ran comprehensive diagnostic tests post-replacement. Updated preventive maintenance schedule and raised spare parts inventory threshold.,2025-07-29T06:44:58,"Emergency Services, SMS",Interference,5119,546,3
ALM-2025-00444,BGP route policy misconfiguration in East caused 18K prefixes to be inadvertently withdrawn. Internet traffic blackholed for 50 minutes. Customer escalations: 67229 broadband users reported total connectivity loss.,East,5G-NR,P4-Low,8,Huawei,Restarted affected network function instances. Applied configuration correction. Root cause analysis completed and design fix scheduled for next maintenance window.,2025-07-30T05:23:56,"Roaming Services, Video Streaming",Hardware Failure,508,21,4
ALM-2025-00403,LTE carrier aggregation malfunction on Band 3 + Band 7 in East. PDCP layer buffer overflow caused by DRB misconfiguration after software patch HF-8746. 44933 high-value subscribers affected. ARPU impact estimated at $1766K.,South,3G-UMTS,P1-Critical,238,Huawei,Executed rollback of misconfigured ACL policies via out-of-band management. Implemented pre-deployment validation checks in CI/CD pipeline. Change freeze applied.,2025-08-01T17:20:18,"Data Sessions, Roaming Services",Transport Failure,76746,389,8
ALM-2023-00112,Massive MIMO antenna tilt misconfiguration on 32 sector sites in North. SINR degraded by 12 dB causing uplink interference. Capacity reduced by 51% during peak hours. Service degradation reported by enterprise customers using mmWave bands.,South,SD-WAN,P4-Low,38,Juniper,Applied emergency hotfix patch HF-3940 from vendor. Restarted UPF/SMF network functions. Verified PDU session establishment in staging environment before production rollout.,2025-08-06T00:07:57,IoT Connectivity,Transport Failure,12682,107,6
ALM-2023-00091,Uplink PRB utilization exceeding 90% on 14 cells in East during peak traffic. Scheduler fairness degraded for edge UEs. Average throughput dropped 59%. Emergency capacity expansion through spectrum refarming initiated.,South,SD-WAN,P3-Medium,77,Ericsson,Restored fiber cut using emergency splice. Reconfigured DWDM parameters. Implemented enhanced physical layer monitoring with OTDR alerts. SLA credit issued to affected customers.,2025-08-10T12:54:11,"SMS, Roaming Services",Sync Loss,76552,109,0
ALM-2024-00361,49 gNB nodes in East region reporting X2 interface failures after firmware upgrade to 23.Q3. UE attach success rate dropped from 98% to 44%. Engineers observed increased RRC connection rejections. Root cause identified as misconfigured AMF pool configuration post-upgrade.,South,4G-LTE,P1-Critical,178,Ericsson,Re-established PTP synchronization chain using backup grandmaster. Deployed additional GNSS antennas for redundancy. Updated synchronization monitoring dashboards.,2025-08-13T11:26:05,"Emergency Services, SMS",Capacity Overload,41740,201,2
ALM-2023-00173,CU-DU functional split failure on 28 distributed 5G nodes in Central. F1 interface went down due to transport network IP route withdrawal. Mid-haul link between CU and DU lost for 438 minutes causing complete service disruption.,South,3G-UMTS,P1-Critical,21,Cisco,Replaced failed hardware component. Ran comprehensive diagnostic tests post-replacement. Updated preventive maintenance schedule and raised spare parts inventory threshold.,2025-08-16T02:25:51,"Emergency Services, Roaming Services",Transport Failure,114665,54,0
ALM-2023-00020,BGP route policy misconfiguration in South caused 20K prefixes to be inadvertently withdrawn. Internet traffic blackholed for 180 minutes. Customer escalations: 123795 broadband users reported total connectivity loss.,East,3G-UMTS,P2-High,89,Ericsson,Replaced failed hardware component. Ran comprehensive diagnostic tests post-replacement. Updated preventive maintenance schedule and raised spare parts inventory threshold.,2025-08-16T11:34:55,VoLTE,Software Bug,107612,188,7
ALM-2023-00172,CSFB (Circuit Switched Fallback) failure rate spike in South — 40% failure observed. MSC-S unreachable from 14 eNodeBs due to SS7 link congestion. Voice call setup failure affected 137767 subscribers during peak hours.,South,4G-LTE,P2-High,151,Cisco,Executed RF parameter optimization using SON toolset. Adjusted antenna tilt by 10 degrees. Activated neighbor cell load balancing. Service KPIs returned to baseline within 174 minutes.,2025-08-19T07:47:49,"Emergency Services, VoLTE, Voice Calls",Power Failure,80956,251,1
ALM-2024-00260,LTE PDCP integrity protection mismatch on Huawei eNodeBs after security patch. UE contexts being dropped at RRC reconfiguration phase. 29 cells impacted in Central. Hotfix deployment required to restore normal operations.,North,Fiber,P2-High,58,Huawei,Restarted affected network function instances. Applied configuration correction. Root cause analysis completed and design fix scheduled for next maintenance window.,2025-08-20T09:09:22,"Roaming Services, Emergency Services",Authentication Failure,100717,59,3
ALM-2023-00055,DWDM wavelength drift detected on Central fiber span kilometer 344. OSNR degraded below threshold causing FEC errors to spike. Amplifier gain tilt compensation adjusted but optical power margin remains critically low.,West,5G-NR,P1-Critical,84,Huawei,Restored BGP route advertisements on backhaul routers. Reset SCTP associations to AMF. Implemented route dampening to prevent future flapping. Added monitoring alerts for BGP state changes.,2025-08-29T19:45:05,Video Streaming,Sync Loss,51060,186,1
ALM-2023-00199,X2 handover failures between Central eNodeBs and neighboring cluster. Inter-eNB handover success rate dropped to 44%. Ping-pong handover storms observed. SON algorithm override required to stabilize mobility parameters.,West,4G-LTE,P4-Low,18,Huawei,Restarted affected network function instances. Applied configuration correction. Root cause analysis completed and design fix scheduled for next maintenance window.,2025-09-02T18:45:59,Data Sessions,Hardware Failure,28928,53,7
ALM-2023-00154,5G NR SA core network experiencing PDU session establishment failures in East. UPF processing latency spiked to 245ms. Affected 27264 IoT devices unable to connect. SMF logs show session binding errors correlated with UPF software defect #SW-22936.,South,SD-WAN,P3-Medium,92,Cisco,Re-established PTP synchronization chain using backup grandmaster. Deployed additional GNSS antennas for redundancy. Updated synchronization monitoring dashboards.,2025-09-03T05:55:04,"VoLTE, Emergency Services",Sync Loss,15184,209,5
ALM-2023-00075,Core network signaling storm from 4 IoT devices in West entering simultaneous TAU cycles. MME/AMF overloaded causing 49% attach rejection rate. Emergency rate limiting applied to prevent total core collapse.,West,3G-UMTS,P4-Low,9,Huawei,Re-established PTP synchronization chain using backup grandmaster. Deployed additional GNSS antennas for redundancy. Updated synchronization monitoring dashboards.,2025-09-04T03:43:10,"Video Streaming, Data Sessions",Power Failure,21177,19,4
ALM-2024-00256,Core network signaling storm from 16 IoT devices in Central entering simultaneous TAU cycles. MME/AMF overloaded causing 45% attach rejection rate. Emergency rate limiting applied to prevent total core collapse.,West,MPLS,P4-Low,46,Huawei,Implemented emergency traffic offload through carrier WiFi and small cell densification. Activated additional spectrum through dynamic frequency assignment. Permanent capacity upgrade planned.,2025-09-09T05:22:36,Video Streaming,Sync Loss,37576,111,8
ALM-2023-00200,LTE carrier aggregation malfunction on Band 3 + Band 7 in South. PDCP layer buffer overflow caused by DRB misconfiguration after software patch HF-9778. 20876 high-value subscribers affected. ARPU impact estimated at $1634K.,East,SD-WAN,P3-Medium,29,Juniper,Restored fiber cut using emergency splice. Reconfigured DWDM parameters. Implemented enhanced physical layer monitoring with OTDR alerts. SLA credit issued to affected customers.,2025-09-12T09:16:38,"IoT Connectivity, Video Streaming",Power Failure,21551,74,4
ALM-2024-00374,Incorrect ACL configuration pushed to 7 Cisco routers in South via automated provisioning. Management plane traffic blocked causing loss of visibility to 7 network elements. Emergency rollback executed via out-of-band console access.,North,3G-UMTS,P1-Critical,193,Nokia,Restarted affected network function instances. Applied configuration correction. Root cause analysis completed and design fix scheduled for next maintenance window.,2025-09-13T11:11:38,"IoT Connectivity, Voice Calls, SMS",Config Error,16201,253,1
ALM-2023-00153,BGP route policy misconfiguration in East caused 33K prefixes to be inadvertently withdrawn. Internet traffic blackholed for 252 minutes. Customer escalations: 39143 broadband users reported total connectivity loss.,West,SD-WAN,P3-Medium,93,Nokia,Applied emergency hotfix patch HF-5415 from vendor. Restarted UPF/SMF network functions. Verified PDU session establishment in staging environment before production rollout.,2025-09-13T22:18:28,VoLTE,Hardware Failure,39496,102,3
ALM-2023-00157,Core network signaling storm from 50 IoT devices in North entering simultaneous TAU cycles. MME/AMF overloaded causing 62% attach rejection rate. Emergency rate limiting applied to prevent total core collapse.,East,MPLS,P3-Medium,17,Ericsson,Re-established PTP synchronization chain using backup grandmaster. Deployed additional GNSS antennas for redundancy. Updated synchronization monitoring dashboards.,2025-09-15T04:16:45,"VoLTE, IoT Connectivity, SMS",Authentication Failure,74547,38,3
ALM-2023-00152,Power supply unit failure in East outdoor macro cell cabinet. Generator backup activated but fuel exhaustion after 295 hours caused site blackout. 28 collocated operators affected. TSSR dispatched for emergency repair.,South,Fiber,P4-Low,60,Huawei,Restored BGP route advertisements on backhaul routers. Reset SCTP associations to AMF. Implemented route dampening to prevent future flapping. Added monitoring alerts for BGP state changes.,2025-09-17T08:26:59,"SMS, Enterprise VPN, Data Sessions",Power Failure,43045,179,4
ALM-2023-00180,Power supply unit failure in West outdoor macro cell cabinet. Generator backup activated but fuel exhaustion after 138 hours caused site blackout. 21 collocated operators affected. TSSR dispatched for emergency repair.,West,4G-LTE,P1-Critical,22,Juniper,Restored BGP route advertisements on backhaul routers. Reset SCTP associations to AMF. Implemented route dampening to prevent future flapping. Added monitoring alerts for BGP state changes.,2025-09-19T09:20:35,"Emergency Services, Data Sessions, IoT Connectivity",Link Down,63375,37,8
ALM-2025-00449,LTE carrier aggregation malfunction on Band 3 + Band 7 in East. PDCP layer buffer overflow caused by DRB misconfiguration after software patch HF-4400. 28757 high-value subscribers affected. ARPU impact estimated at $1200K.,Central,3G-UMTS,P2-High,102,Huawei,Rolled back firmware to previous stable version 22.Q3. Reconfigured AMF pool settings per vendor guidelines. Performed progressive site-by-site upgrade with validation checkpoints. Full service restored.,2025-09-19T21:52:12,"Enterprise VPN, Emergency Services",Authentication Failure,33952,162,8
ALM-2024-00264,DWDM wavelength drift detected on Central fiber span kilometer 205. OSNR degraded below threshold causing FEC errors to spike. Amplifier gain tilt compensation adjusted but optical power margin remains critically low.,West,SD-WAN,P3-Medium,117,Cisco,Re-established PTP synchronization chain using backup grandmaster. Deployed additional GNSS antennas for redundancy. Updated synchronization monitoring dashboards.,2025-09-23T05:34:33,Data Sessions,Authentication Failure,55715,195,2
ALM-2024-00385,Incorrect ACL configuration pushed to 31 Ericsson routers in South via automated provisioning. Management plane traffic blocked causing loss of visibility to 31 network elements. Emergency rollback executed via out-of-band console access.,East,Fiber,P4-Low,43,Nokia,Re-established PTP synchronization chain using backup grandmaster. Deployed additional GNSS antennas for redundancy. Updated synchronization monitoring dashboards.,2025-09-26T16:28:48,"Video Streaming, Voice Calls, Emergency Services",Config Error,38706,89,5
ALM-2024-00270,Power supply unit failure in East outdoor macro cell cabinet. Generator backup activated but fuel exhaustion after 68 hours caused site blackout. 30 collocated operators affected. TSSR dispatched for emergency repair.,Central,3G-UMTS,P4-Low,24,Cisco,Implemented emergency traffic offload through carrier WiFi and small cell densification. Activated additional spectrum through dynamic frequency assignment. Permanent capacity upgrade planned.,2025-10-06T07:33:08,Video Streaming,Authentication Failure,18860,72,4
ALM-2023-00175,DWDM wavelength drift detected on West fiber span kilometer 339. OSNR degraded below threshold causing FEC errors to spike. Amplifier gain tilt compensation adjusted but optical power margin remains critically low.,South,Fiber,P4-Low,41,Nokia,Executed rollback of misconfigured ACL policies via out-of-band management. Implemented pre-deployment validation checks in CI/CD pipeline. Change freeze applied.,2025-10-09T03:23:13,"SMS, IoT Connectivity, Video Streaming",Power Failure,6709,117,7
ALM-2024-00259,Line card failure on Cisco core router in West data center. Module 14/1 ejected due to ASIC thermal runaway at 117°C. Traffic failover to redundant linecard triggered 384ms packet loss event.,North,4G-LTE,P3-Medium,20,Huawei,Re-established PTP synchronization chain using backup grandmaster. Deployed additional GNSS antennas for redundancy. Updated synchronization monitoring dashboards.,2025-10-15T20:51:08,Roaming Services,Interference,32589,33,7
ALM-2024-00317,Segment routing MPLS path computation failure in Central SR-TE domain. PCE-server connectivity lost due to TLS certificate expiry. 46 critical traffic classes losing QoS guarantees. Enterprise SLA breached.,North,3G-UMTS,P4-Low,48,Juniper,Restored BGP route advertisements on backhaul routers. Reset SCTP associations to AMF. Implemented route dampening to prevent future flapping. Added monitoring alerts for BGP state changes.,2025-10-17T19:25:10,"Enterprise VPN, VoLTE",Capacity Overload,1729,102,3
ALM-2023-00093,ISIS adjacency loss between North P-routers after planned IOS-XR upgrade. SPF recalculation loop detected causing micro-burst packet loss. ECMP paths became unequal triggering traffic imbalance across 4 interfaces.,Central,MPLS,P4-Low,50,Huawei,Restored BGP route advertisements on backhaul routers. Reset SCTP associations to AMF. Implemented route dampening to prevent future flapping. Added monitoring alerts for BGP state changes.,2025-10-20T02:06:31,Voice Calls,Sync Loss,43571,69,3
ALM-2023-00124,ISIS adjacency loss between East P-routers after planned IOS-XR upgrade. SPF recalculation loop detected causing micro-burst packet loss. ECMP paths became unequal triggering traffic imbalance across 22 interfaces.,East,SD-WAN,P3-Medium,97,Nokia,Replaced failed hardware component. Ran comprehensive diagnostic tests post-replacement. Updated preventive maintenance schedule and raised spare parts inventory threshold.,2025-10-20T10:16:36,"Emergency Services, Roaming Services, Voice Calls",Power Failure,45853,179,3
ALM-2024-00310,Fiber cut on backbone ring between South hub and metro aggregation node. APS (Automatic Protection Switching) triggered but secondary path showing 99ms additional latency. 22 enterprise circuits and 135240 mobile subscribers affected on dependent transport.,North,MPLS,P4-Low,52,Nokia,Re-established PTP synchronization chain using backup grandmaster. Deployed additional GNSS antennas for redundancy. Updated synchronization monitoring dashboards.,2025-10-21T06:08:38,Emergency Services,Capacity Overload,384,96,5
ALM-2025-00433,Power supply unit failure in Central outdoor macro cell cabinet. Generator backup activated but fuel exhaustion after 155 hours caused site blackout. 6 collocated operators affected. TSSR dispatched for emergency repair.,Central,3G-UMTS,P3-Medium,49,Juniper,Re-established PTP synchronization chain using backup grandmaster. Deployed additional GNSS antennas for redundancy. Updated synchronization monitoring dashboards.,2025-10-21T21:31:58,"Roaming Services, Enterprise VPN",Link Down,38568,50,8
ALM-2024-00202,LTE PDCP integrity protection mismatch on Cisco eNodeBs after security patch. UE contexts being dropped at RRC reconfiguration phase. 13 cells impacted in East. Hotfix deployment required to restore normal operations.,East,5G-NR,P3-Medium,97,Cisco,Implemented emergency traffic offload through carrier WiFi and small cell densification. Activated additional spectrum through dynamic frequency assignment. Permanent capacity upgrade planned.,2025-10-25T15:03:00,Video Streaming,Authentication Failure,75008,172,7
ALM-2024-00388,Uplink PRB utilization exceeding 90% on 43 cells in Central during peak traffic. Scheduler fairness degraded for edge UEs. Average throughput dropped 15%. Emergency capacity expansion through spectrum refarming initiated.,East,5G-NR,P3-Medium,69,Ericsson,Re-established PTP synchronization chain using backup grandmaster. Deployed additional GNSS antennas for redundancy. Updated synchronization monitoring dashboards.,2025-10-25T16:10:35,IoT Connectivity,Interference,4094,174,3
ALM-2024-00369,GNSS antenna failure on West primary timing reference. Backup BITS/SSU clock source activated. Stratum level degraded from 1 to 3. 40 dependent 5G sites at risk of air interface synchronization failure.,East,SD-WAN,P4-Low,31,Ericsson,Executed rollback of misconfigured ACL policies via out-of-band management. Implemented pre-deployment validation checks in CI/CD pipeline. Change freeze applied.,2025-10-26T16:04:17,Roaming Services,Software Bug,18853,68,3
ALM-2023-00196,Massive MIMO antenna tilt misconfiguration on 39 sector sites in East. SINR degraded by 4 dB causing uplink interference. Capacity reduced by 42% during peak hours. Service degradation reported by enterprise customers using mmWave bands.,East,3G-UMTS,P1-Critical,141,Juniper,Re-established PTP synchronization chain using backup grandmaster. Deployed additional GNSS antennas for redundancy. Updated synchronization monitoring dashboards.,2025-10-27T00:49:31,SMS,Hardware Failure,185704,406,0
ALM-2025-00441,LTE PDCP integrity protection mismatch on Ericsson eNodeBs after security patch. UE contexts being dropped at RRC reconfiguration phase. 17 cells impacted in South. Hotfix deployment required to restore normal operations.,East,4G-LTE,P4-Low,36,Juniper,Restarted affected network function instances. Applied configuration correction. Root cause analysis completed and design fix scheduled for next maintenance window.,2025-10-27T05:19:59,"Roaming Services, Voice Calls, Data Sessions",Power Failure,36769,84,3
ALM-2023-00189,LTE PDCP integrity protection mismatch on Huawei eNodeBs after security patch. UE contexts being dropped at RRC reconfiguration phase. 16 cells impacted in East. Hotfix deployment required to restore normal operations.,East,3G-UMTS,P2-High,106,Huawei,Executed rollback of misconfigured ACL policies via out-of-band management. Implemented pre-deployment validation checks in CI/CD pipeline. Change freeze applied.,2025-10-28T05:08:09,VoLTE,Authentication Failure,68255,257,0
ALM-2023-00101,Line card failure on Juniper core router in South data center. Module 10/3 ejected due to ASIC thermal runaway at 104°C. Traffic failover to redundant linecard triggered 126ms packet loss event.,West,3G-UMTS,P4-Low,36,Huawei,Executed rollback of misconfigured ACL policies via out-of-band management. Implemented pre-deployment validation checks in CI/CD pipeline. Change freeze applied.,2025-10-28T16:12:11,"VoLTE, Emergency Services",Software Bug,35407,108,4
ALM-2023-00060,N2/N3 interface congestion between West gNBs and AMF cluster. 43 sites showing SCTP association failures. Emergency handover to 4G-LTE fallback activated. Traffic load balancing misconfiguration identified as probable cause.,Central,3G-UMTS,P2-High,51,Ericsson,Rolled back firmware to previous stable version 19.Q2. Reconfigured AMF pool settings per vendor guidelines. Performed progressive site-by-site upgrade with validation checkpoints. Full service restored.,2025-11-02T06:48:04,"SMS, Voice Calls",Transport Failure,133272,122,6
ALM-2024-00341,Fiber cut on backbone ring between North hub and metro aggregation node. APS (Automatic Protection Switching) triggered but secondary path showing 409ms additional latency. 22 enterprise circuits and 69622 mobile subscribers affected on dependent transport.,North,4G-LTE,P4-Low,55,Juniper,Applied emergency hotfix patch HF-2579 from vendor. Restarted UPF/SMF network functions. Verified PDU session establishment in staging environment before production rollout.,2025-11-04T12:40:38,"SMS, Enterprise VPN",Config Error,24549,96,0
ALM-2023-00048,Multiple eNodeBs in West showing S1 interface failure after planned maintenance window. MME connection dropped across 49 sites. Cause: BGP route advertisement error on backhaul routers. Subscribers experiencing call drops and data session timeouts in the affected area.,West,3G-UMTS,P2-High,145,Ericsson,Replaced failed hardware component. Ran comprehensive diagnostic tests post-replacement. Updated preventive maintenance schedule and raised spare parts inventory threshold.,2025-11-06T11:41:48,IoT Connectivity,Authentication Failure,98086,435,6
ALM-2023-00081,LTE PDCP integrity protection mismatch on Ericsson eNodeBs after security patch. UE contexts being dropped at RRC reconfiguration phase. 34 cells impacted in Central. Hotfix deployment required to restore normal operations.,South,5G-NR,P3-Medium,74,Cisco,Executed RF parameter optimization using SON toolset. Adjusted antenna tilt by 14 degrees. Activated neighbor cell load balancing. Service KPIs returned to baseline within 245 minutes.,2025-11-07T19:57:41,"Roaming Services, Video Streaming, Voice Calls",Capacity Overload,70430,146,4
ALM-2023-00083,Battery backup degradation on 4 South BTS sites. Float charge voltage below threshold causing premature cutoff during grid outage. Preventive maintenance schedule requires immediate overhaul of UPS systems.,West,5G-NR,P2-High,153,Huawei,Executed rollback of misconfigured ACL policies via out-of-band management. Implemented pre-deployment validation checks in CI/CD pipeline. Change freeze applied.,2025-11-12T16:12:19,Roaming Services,Sync Loss,149295,263,2
ALM-2024-00257,MPLS LDP session flap on core router in South causing traffic blackhole for 104 minutes. 43 L3VPN tunnels re-converging after IGP topology change. BGP prefix withdrawal storm affected enterprise customers during reconvergence.,North,5G-NR,P3-Medium,115,Nokia,Implemented emergency traffic offload through carrier WiFi and small cell densification. Activated additional spectrum through dynamic frequency assignment. Permanent capacity upgrade planned.,2025-11-12T17:40:18,"IoT Connectivity, Roaming Services, Data Sessions",Capacity Overload,16348,232,2
ALM-2023-00003,PTP/IEEE-1588 grandmaster clock failure in West synchronization hierarchy. Holdover mode activated on 17 slave clocks. Phase error accumulating at 49 ns/s. 5G NR TDD frame alignment at risk after 285 minutes without reference.,South,3G-UMTS,P4-Low,55,Juniper,Restored fiber cut using emergency splice. Reconfigured DWDM parameters. Implemented enhanced physical layer monitoring with OTDR alerts. SLA credit issued to affected customers.,2025-11-12T18:00:54,"Roaming Services, SMS",Authentication Failure,11081,139,1
ALM-2023-00117,Incorrect ACL configuration pushed to 20 Juniper routers in North via automated provisioning. Management plane traffic blocked causing loss of visibility to 20 network elements. Emergency rollback executed via out-of-band console access.,West,MPLS,P2-High,67,Huawei,Executed RF parameter optimization using SON toolset. Adjusted antenna tilt by 4 degrees. Activated neighbor cell load balancing. Service KPIs returned to baseline within 453 minutes.,2025-11-13T10:42:31,"IoT Connectivity, Voice Calls",Config Error,26265,82,3
ALM-2023-00126,Power supply unit failure in North outdoor macro cell cabinet. Generator backup activated but fuel exhaustion after 173 hours caused site blackout. 42 collocated operators affected. TSSR dispatched for emergency repair.,Central,5G-NR,P3-Medium,38,Juniper,Restored fiber cut using emergency splice. Reconfigured DWDM parameters. Implemented enhanced physical layer monitoring with OTDR alerts. SLA credit issued to affected customers.,2025-11-14T17:42:22,Enterprise VPN,Authentication Failure,76088,40,1
ALM-2024-00255,GNSS antenna failure on South primary timing reference. Backup BITS/SSU clock source activated. Stratum level degraded from 1 to 3. 30 dependent 5G sites at risk of air interface synchronization failure.,Central,Fiber,P4-Low,33,Ericsson,Re-established PTP synchronization chain using backup grandmaster. Deployed additional GNSS antennas for redundancy. Updated synchronization monitoring dashboards.,2025-11-17T02:18:06,Roaming Services,Interference,35717,82,7
ALM-2024-00372,BGP route policy misconfiguration in West caused 21K prefixes to be inadvertently withdrawn. Internet traffic blackholed for 71 minutes. Customer escalations: 54386 broadband users reported total connectivity loss.,West,MPLS,P4-Low,9,Juniper,Rolled back firmware to previous stable version 23.Q3. Reconfigured AMF pool settings per vendor guidelines. Performed progressive site-by-site upgrade with validation checkpoints. Full service restored.,2025-11-20T10:14:53,Roaming Services,Power Failure,10211,14,4
ALM-2023-00103,CU-DU functional split failure on 13 distributed 5G nodes in West. F1 interface went down due to transport network IP route withdrawal. Mid-haul link between CU and DU lost for 137 minutes causing complete service disruption.,South,Fiber,P3-Medium,114,Huawei,Rolled back firmware to previous stable version 20.Q1. Reconfigured AMF pool settings per vendor guidelines. Performed progressive site-by-site upgrade with validation checkpoints. Full service restored.,2025-11-21T16:58:22,"Enterprise VPN, SMS, Emergency Services",Link Down,95746,276,5
ALM-2025-00445,PTP/IEEE-1588 grandmaster clock failure in North synchronization hierarchy. Holdover mode activated on 8 slave clocks. Phase error accumulating at 66 ns/s. 5G NR TDD frame alignment at risk after 234 minutes without reference.,Central,5G-NR,P3-Medium,86,Huawei,Re-established PTP synchronization chain using backup grandmaster. Deployed additional GNSS antennas for redundancy. Updated synchronization monitoring dashboards.,2025-11-27T11:33:03,"Video Streaming, IoT Connectivity, Enterprise VPN",Config Error,22311,87,5
ALM-2024-00291,Massive MIMO antenna tilt misconfiguration on 39 sector sites in South. SINR degraded by 15 dB causing uplink interference. Capacity reduced by 43% during peak hours. Service degradation reported by enterprise customers using mmWave bands.,South,Fiber,P3-Medium,45,Juniper,Rolled back firmware to previous stable version 20.Q1. Reconfigured AMF pool settings per vendor guidelines. Performed progressive site-by-site upgrade with validation checkpoints. Full service restored.,2025-11-28T15:55:29,"Roaming Services, Emergency Services, SMS",Interference,41919,45,4
ALM-2023-00046,BGP route policy misconfiguration in South caused 5K prefixes to be inadvertently withdrawn. Internet traffic blackholed for 167 minutes. Customer escalations: 72858 broadband users reported total connectivity loss.,East,Fiber,P2-High,42,Huawei,Executed RF parameter optimization using SON toolset. Adjusted antenna tilt by 8 degrees. Activated neighbor cell load balancing. Service KPIs returned to baseline within 56 minutes.,2025-12-02T09:40:11,"Video Streaming, Enterprise VPN",Software Bug,12799,44,7
ALM-2023-00168,Core network signaling storm from 7 IoT devices in East entering simultaneous TAU cycles. MME/AMF overloaded causing 63% attach rejection rate. Emergency rate limiting applied to prevent total core collapse.,East,MPLS,P1-Critical,145,Juniper,Restored BGP route advertisements on backhaul routers. Reset SCTP associations to AMF. Implemented route dampening to prevent future flapping. Added monitoring alerts for BGP state changes.,2025-12-05T05:36:48,"Data Sessions, SMS, VoLTE",Power Failure,1674,162,6
ALM-2024-00228,Core network signaling storm from 43 IoT devices in West entering simultaneous TAU cycles. MME/AMF overloaded causing 62% attach rejection rate. Emergency rate limiting applied to prevent total core collapse.,South,Fiber,P1-Critical,221,Huawei,Restored BGP route advertisements on backhaul routers. Reset SCTP associations to AMF. Implemented route dampening to prevent future flapping. Added monitoring alerts for BGP state changes.,2025-12-05T09:05:52,SMS,Hardware Failure,178485,326,7
ALM-2023-00050,DWDM wavelength drift detected on West fiber span kilometer 364. OSNR degraded below threshold causing FEC errors to spike. Amplifier gain tilt compensation adjusted but optical power margin remains critically low.,South,3G-UMTS,P4-Low,34,Nokia,Replaced failed hardware component. Ran comprehensive diagnostic tests post-replacement. Updated preventive maintenance schedule and raised spare parts inventory threshold.,2025-12-05T23:31:59,Voice Calls,Interference,24968,49,7
ALM-2025-00469,GNSS antenna failure on North primary timing reference. Backup BITS/SSU clock source activated. Stratum level degraded from 1 to 3. 13 dependent 5G sites at risk of air interface synchronization failure.,North,SD-WAN,P1-Critical,223,Ericsson,Restored BGP route advertisements on backhaul routers. Reset SCTP associations to AMF. Implemented route dampening to prevent future flapping. Added monitoring alerts for BGP state changes.,2025-12-06T13:51:00,"SMS, VoLTE",Software Bug,146561,613,2
ALM-2023-00065,Incorrect ACL configuration pushed to 21 Nokia routers in Central via automated provisioning. Management plane traffic blocked causing loss of visibility to 21 network elements. Emergency rollback executed via out-of-band console access.,South,3G-UMTS,P1-Critical,73,Huawei,Executed RF parameter optimization using SON toolset. Adjusted antenna tilt by 14 degrees. Activated neighbor cell load balancing. Service KPIs returned to baseline within 248 minutes.,2025-12-07T03:17:13,"IoT Connectivity, Enterprise VPN",Link Down,147070,206,3
ALM-2024-00304,CSFB (Circuit Switched Fallback) failure rate spike in West — 74% failure observed. MSC-S unreachable from 38 eNodeBs due to SS7 link congestion. Voice call setup failure affected 56539 subscribers during peak hours.,West,3G-UMTS,P1-Critical,122,Nokia,Executed RF parameter optimization using SON toolset. Adjusted antenna tilt by 15 degrees. Activated neighbor cell load balancing. Service KPIs returned to baseline within 126 minutes.,2025-12-07T16:46:42,"Video Streaming, IoT Connectivity, Enterprise VPN",Sync Loss,36300,346,4
ALM-2023-00045,Massive MIMO antenna tilt misconfiguration on 46 sector sites in West. SINR degraded by 2 dB causing uplink interference. Capacity reduced by 59% during peak hours. Service degradation reported by enterprise customers using mmWave bands.,North,SD-WAN,P1-Critical,221,Cisco,Restored BGP route advertisements on backhaul routers. Reset SCTP associations to AMF. Implemented route dampening to prevent future flapping. Added monitoring alerts for BGP state changes.,2025-12-13T20:33:34,Enterprise VPN,Authentication Failure,35958,383,1
ALM-2023-00017,Segment routing MPLS path computation failure in South SR-TE domain. PCE-server connectivity lost due to TLS certificate expiry. 43 critical traffic classes losing QoS guarantees. Enterprise SLA breached.,North,Fiber,P1-Critical,166,Juniper,Implemented emergency traffic offload through carrier WiFi and small cell densification. Activated additional spectrum through dynamic frequency assignment. Permanent capacity upgrade planned.,2025-12-16T10:55:49,"Voice Calls, Roaming Services",Transport Failure,119026,343,5
ALM-2024-00346,21 gNB nodes in Central region reporting X2 interface failures after firmware upgrade to 21.Q1. UE attach success rate dropped from 98% to 43%. Engineers observed increased RRC connection rejections. Root cause identified as misconfigured AMF pool configuration post-upgrade.,East,3G-UMTS,P4-Low,27,Ericsson,Executed RF parameter optimization using SON toolset. Adjusted antenna tilt by 4 degrees. Activated neighbor cell load balancing. Service KPIs returned to baseline within 330 minutes.,2025-12-16T17:47:54,"VoLTE, Voice Calls",Capacity Overload,15437,78,6
ALM-2023-00165,5G NR SA core network experiencing PDU session establishment failures in West. UPF processing latency spiked to 484ms. Affected 19850 IoT devices unable to connect. SMF logs show session binding errors correlated with UPF software defect #SW-81985.,South,3G-UMTS,P1-Critical,48,Ericsson,Executed rollback of misconfigured ACL policies via out-of-band management. Implemented pre-deployment validation checks in CI/CD pipeline. Change freeze applied.,2025-12-20T00:53:05,"Data Sessions, Emergency Services",Software Bug,165219,102,2
ALM-2024-00307,LTE carrier aggregation malfunction on Band 3 + Band 7 in Central. PDCP layer buffer overflow caused by DRB misconfiguration after software patch HF-9298. 25723 high-value subscribers affected. ARPU impact estimated at $314K.,West,4G-LTE,P2-High,44,Nokia,Applied emergency hotfix patch HF-4001 from vendor. Restarted UPF/SMF network functions. Verified PDU session establishment in staging environment before production rollout.,2025-12-22T13:37:00,"VoLTE, Emergency Services, SMS",Hardware Failure,30079,58,5
ALM-2023-00070,Battery backup degradation on 46 North BTS sites. Float charge voltage below threshold causing premature cutoff during grid outage. Preventive maintenance schedule requires immediate overhaul of UPS systems.,South,4G-LTE,P2-High,135,Nokia,Executed rollback of misconfigured ACL policies via out-of-band management. Implemented pre-deployment validation checks in CI/CD pipeline. Change freeze applied.,2025-12-22T15:45:38,"SMS, Data Sessions, Video Streaming",Config Error,84351,137,6
ALM-2025-00477,PTP/IEEE-1588 grandmaster clock failure in South synchronization hierarchy. Holdover mode activated on 27 slave clocks. Phase error accumulating at 44 ns/s. 5G NR TDD frame alignment at risk after 251 minutes without reference.,West,5G-NR,P3-Medium,15,Ericsson,Re-established PTP synchronization chain using backup grandmaster. Deployed additional GNSS antennas for redundancy. Updated synchronization monitoring dashboards.,2025-12-24T16:14:31,"SMS, Emergency Services",Capacity Overload,29315,45,0
ALM-2023-00156,Uplink PRB utilization exceeding 90% on 4 cells in East during peak traffic. Scheduler fairness degraded for edge UEs. Average throughput dropped 58%. Emergency capacity expansion through spectrum refarming initiated.,East,Fiber,P3-Medium,43,Ericsson,Executed rollback of misconfigured ACL policies via out-of-band management. Implemented pre-deployment validation checks in CI/CD pipeline. Change freeze applied.,2025-12-25T03:31:32,Roaming Services,Transport Failure,37569,72,4
ALM-2024-00344,LTE PDCP integrity protection mismatch on Juniper eNodeBs after security patch. UE contexts being dropped at RRC reconfiguration phase. 8 cells impacted in East. Hotfix deployment required to restore normal operations.,South,MPLS,P1-Critical,240,Juniper,Rolled back firmware to previous stable version 21.Q4. Reconfigured AMF pool settings per vendor guidelines. Performed progressive site-by-site upgrade with validation checkpoints. Full service restored.,2025-12-28T15:05:51,Enterprise VPN,Hardware Failure,37009,531,6
